titulo;link;id
https://www.bbc.com/portuguese/internacional-51937414;https://www.bbc.com/portuguese/internacional-51937414;bbc-com-portuguese-internacional-51937414
https://www.bbc.com/portuguese/brasil-52067243;https://www.bbc.com/portuguese/brasil-52067243;bbc-com-portuguese-brasil-52067243
https://www.bbc.com/portuguese/internacional-51738586;https://www.bbc.com/portuguese/internacional-51738586;bbc-com-portuguese-internacional-51738586
https://www.bbc.com/portuguese/geral-51974926;https://www.bbc.com/portuguese/geral-51974926;bbc-com-portuguese-geral-51974926
https://www.bbc.com/portuguese/internacional-51937888;https://www.bbc.com/portuguese/internacional-51937888;bbc-com-portuguese-internacional-51937888
https://www.bbc.com/portuguese/internacional-52020458;https://www.bbc.com/portuguese/internacional-52020458;bbc-com-portuguese-internacional-52020458
https://www.bbc.com/portuguese/internacional-51850382;https://www.bbc.com/portuguese/internacional-51850382;bbc-com-portuguese-internacional-51850382
https://www.bbc.com/portuguese/internacional-51987873;https://www.bbc.com/portuguese/internacional-51987873;bbc-com-portuguese-internacional-51987873
https://www.bbc.com/portuguese/brasil-51844550;https://www.bbc.com/portuguese/brasil-51844550;bbc-com-portuguese-brasil-51844550
https://www.bbc.com/portuguese/brasil-52145795;https://www.bbc.com/portuguese/brasil-52145795;bbc-com-portuguese-brasil-52145795
https://www.bbc.com/portuguese/geral-52135988;https://www.bbc.com/portuguese/geral-52135988;bbc-com-portuguese-geral-52135988
https://www.bbc.com/portuguese/internacional-52119508;https://www.bbc.com/portuguese/internacional-52119508;bbc-com-portuguese-internacional-52119508
https://www.bbc.com/portuguese/internacional-51925166;https://www.bbc.com/portuguese/internacional-51925166;bbc-com-portuguese-internacional-51925166
https://www.bbc.com/portuguese/internacional-51891465;https://www.bbc.com/portuguese/internacional-51891465;bbc-com-portuguese-internacional-51891465
https://www.bbc.com/portuguese/internacional-51869644;https://www.bbc.com/portuguese/internacional-51869644;bbc-com-portuguese-internacional-51869644
https://www.bbc.com/portuguese/geral-52096406;https://www.bbc.com/portuguese/geral-52096406;bbc-com-portuguese-geral-52096406
https://www.bbc.com/portuguese/internacional-52053822;https://www.bbc.com/portuguese/internacional-52053822;bbc-com-portuguese-internacional-52053822
https://www.bbc.com/portuguese/internacional-51752012;https://www.bbc.com/portuguese/internacional-51752012;bbc-com-portuguese-internacional-51752012
https://www.bbc.com/portuguese/internacional-52055474;https://www.bbc.com/portuguese/internacional-52055474;bbc-com-portuguese-internacional-52055474
https://www.bbc.com/portuguese/internacional-52023258;https://www.bbc.com/portuguese/internacional-52023258;bbc-com-portuguese-internacional-52023258
https://www.bbc.com/news/uk-scotland-scotland-business-51782513;https://www.bbc.com/news/uk-scotland-scotland-business-51782513;bbc-com-news-uk-scotland-scotland-business-51782513
https://www.bbc.com/news/uk-scotland-scotland-business-51888442;https://www.bbc.com/news/uk-scotland-scotland-business-51888442;bbc-com-news-uk-scotland-scotland-business-51888442
https://www.bbc.com/news/business-52000219;https://www.bbc.com/news/business-52000219;bbc-com-news-business-52000219
https://www.bbc.com/news/business-your-money-51823399;https://www.bbc.com/news/business-your-money-51823399;bbc-com-news-business-your-money-51823399
https://www.nytimes.com/2020/03/31/us/equal-pay-coronavirus-economic-impact.html;https://www.nytimes.com/2020/03/31/us/equal-pay-coronavirus-economic-impact.html;nytimes-com-2020-03-31-us-equal-pay-coronavirus-economic-impact-html
https://www.nytimes.com/2020/03/13/business/europe-germany-coronavirus.html;https://www.nytimes.com/2020/03/13/business/europe-germany-coronavirus.html;nytimes-com-2020-03-13-business-europe-germany-coronavirus-html
https://www.nytimes.com/2020/04/01/business/economy/coronavirus-recession.html;https://www.nytimes.com/2020/04/01/business/economy/coronavirus-recession.html;nytimes-com-2020-04-01-business-economy-coronavirus-recession-html
https://www.nytimes.com/2020/03/16/opinion/coronavirus-economy-debt.html;https://www.nytimes.com/2020/03/16/opinion/coronavirus-economy-debt.html;nytimes-com-2020-03-16-opinion-coronavirus-economy-debt-html
https://www.nytimes.com/2020/03/17/upshot/coronavirus-economy-crisis-demand-shock.html;https://www.nytimes.com/2020/03/17/upshot/coronavirus-economy-crisis-demand-shock.html;nytimes-com-2020-03-17-upshot-coronavirus-economy-crisis-demand-shock
https://www.nytimes.com/2020/03/09/upshot/coronavirus-oil-prices-bond-yields-recession.html;https://www.nytimes.com/2020/03/09/upshot/coronavirus-oil-prices-bond-yields-recession.html;nytimes-com-2020-03-09-upshot-coronavirus-oil-prices-bond-yields-rece
https://www.bbc.com/news/world-51737226;https://www.bbc.com/news/world-51737226;bbc-com-news-world-51737226
https://www.bbc.com/news/health-52096049;https://www.bbc.com/news/health-52096049;bbc-com-news-health-52096049
https://www.bbc.com/news/uk-51865915;https://www.bbc.com/news/uk-51865915;bbc-com-news-uk-51865915
https://www.bbc.com/news/world-europe-51810673;https://www.bbc.com/news/world-europe-51810673;bbc-com-news-world-europe-51810673
https://www.nytimes.com/2020/03/15/world/europe/johnson-virus-britain.html;https://www.nytimes.com/2020/03/15/world/europe/johnson-virus-britain.html;nytimes-com-2020-03-15-world-europe-johnson-virus-britain-html
https://www.bbc.com/news/uk-wales-52090158;https://www.bbc.com/news/uk-wales-52090158;bbc-com-news-uk-wales-52090158
https://www.nytimes.com/2020/03/18/business/ecb-coronavirus-bond-buy.html;https://www.nytimes.com/2020/03/18/business/ecb-coronavirus-bond-buy.html;nytimes-com-2020-03-18-business-ecb-coronavirus-bond-buy-html
https://www.theguardian.com/uk-news/2020/mar/17/the-uk-new-coronavirus-measures-in-numbers;https://www.theguardian.com/uk-news/2020/mar/17/the-uk-new-coronavirus-measures-in-numbers;theguardian-com-uk-news-2020-mar-17-the-uk-new-coronavirus-measures-i
https://www.bbc.com/news/uk-wales-politics-52055457;https://www.bbc.com/news/uk-wales-politics-52055457;bbc-com-news-uk-wales-politics-52055457
https://www.bloomberg.com/news/articles/2020-03-12/n-y-fed-to-conduct-purchases-across-range-of-maturities-k7ozy3u5;https://www.bloomberg.com/news/articles/2020-03-12/n-y-fed-to-conduct-purchases-across-range-of-maturities-k7ozy3u5;bloomberg-com-news-articles-2020-03-12-n-y-fed-to-conduct-purchases-a
https://www.washingtonpost.com/health/2020/03/06/coronavirus-how-to-self-quarantine/;https://www.washingtonpost.com/health/2020/03/06/coronavirus-how-to-self-quarantine/;washingtonpost-com-health-2020-03-06-coronavirus-how-to-self-quaranti
https://www.bbc.com/news/world-middle-east-51787238;https://www.bbc.com/news/world-middle-east-51787238;bbc-com-news-world-middle-east-51787238
https://www.nytimes.com/2020/03/06/health/self-quarantine-coronavirus.html;https://www.nytimes.com/2020/03/06/health/self-quarantine-coronavirus.html;nytimes-com-2020-03-06-health-self-quarantine-coronavirus-html
https://www.nytimes.com/article/coronavirus-quarantine-what-to-watch.html;https://www.nytimes.com/article/coronavirus-quarantine-what-to-watch.html;nytimes-com-article-coronavirus-quarantine-what-to-watch-html
https://www.nytimes.com/2020/03/30/style/coronavirus-diaries-social-history.html;https://www.nytimes.com/2020/03/30/style/coronavirus-diaries-social-history.html;nytimes-com-2020-03-30-style-coronavirus-diaries-social-history-html
https://www.nytimes.com/2020/03/09/nyregion/coronavirus-ny-quarantines.html;https://www.nytimes.com/2020/03/09/nyregion/coronavirus-ny-quarantines.html;nytimes-com-2020-03-09-nyregion-coronavirus-ny-quarantines-html
https://www.nytimes.com/2020/03/18/style/coronavirus-love-is-quarantine.html;https://www.nytimes.com/2020/03/18/style/coronavirus-love-is-quarantine.html;nytimes-com-2020-03-18-style-coronavirus-love-is-quarantine-html
https://www.washingtonpost.com/nation/2020/03/19/love-quarantine-coronavirus/;https://www.washingtonpost.com/nation/2020/03/19/love-quarantine-coronavirus/;washingtonpost-com-nation-2020-03-19-love-quarantine-coronavirus-
https://www.bloomberg.com/news/articles/2020-03-07/congo-to-quarantine-travelers-from-italy-france-china-germany;https://www.bloomberg.com/news/articles/2020-03-07/congo-to-quarantine-travelers-from-italy-france-china-germany;bloomberg-com-news-articles-2020-03-07-congo-to-quarantine-travelers-
https://www.washingtonpost.com/opinions/2020/04/03/inside-two-week-quarantine-singapore/;https://www.washingtonpost.com/opinions/2020/04/03/inside-two-week-quarantine-singapore/;washingtonpost-com-opinions-2020-04-03-inside-two-week-quarantine-sin
https://www.reuters.com/article/us-health-coronavirus-eu-rules/unshackled-by-eu-countries-have-fiscal-freedom-to-fight-coronavirus-idUSKBN20S1SZ;https://www.reuters.com/article/us-health-coronavirus-eu-rules/unshackled-by-eu-countries-have-fiscal-freedom-to-fight-coronavirus-idUSKBN20S1SZ;reuters-com-article-us-health-coronavirus-eu-rules-unshackled-by-eu-c
https://www.bloomberg.com/news/articles/2020-03-28/europe-bonds-await-next-supply-wave-amid-fiscal-shock-anxiety;https://www.bloomberg.com/news/articles/2020-03-28/europe-bonds-await-next-supply-wave-amid-fiscal-shock-anxiety;bloomberg-com-news-articles-2020-03-28-europe-bonds-await-next-supply
https://www.bloomberg.com/opinion/articles/2020-03-17/coronavirus-re-opens-fiscal-debate-for-brazil-and-latin-america;https://www.bloomberg.com/opinion/articles/2020-03-17/coronavirus-re-opens-fiscal-debate-for-brazil-and-latin-america;bloomberg-com-opinion-articles-2020-03-17-coronavirus-re-opens-fiscal
https://www.bloomberg.com/news/articles/2020-04-03/ecb-s-rehn-calls-for-europe-wide-systemic-solution-to-crisis;https://www.bloomberg.com/news/articles/2020-04-03/ecb-s-rehn-calls-for-europe-wide-systemic-solution-to-crisis;bloomberg-com-news-articles-2020-04-03-ecb-s-rehn-calls-for-europe-wi
https://www.forbes.com/sites/nathanlewis/2020/03/09/we-need-protection-from-fiscal-qe/;https://www.forbes.com/sites/nathanlewis/2020/03/09/we-need-protection-from-fiscal-qe/;forbes-com-sites-nathanlewis-2020-03-09-we-need-protection-from-fisca
https://www.bloomberg.com/news/videos/2020-03-12/investors-very-worried-without-u-s-fiscal-action-deutsche-bank-video;https://www.bloomberg.com/news/videos/2020-03-12/investors-very-worried-without-u-s-fiscal-action-deutsche-bank-video;bloomberg-com-news-videos-2020-03-12-investors-very-worried-without-u
https://www.bloomberg.com/news/audio/2020-03-17/surveillance-dudley-says-the-fed-needs-fiscal-help-podcast;https://www.bloomberg.com/news/audio/2020-03-17/surveillance-dudley-says-the-fed-needs-fiscal-help-podcast;bloomberg-com-news-audio-2020-03-17-surveillance-dudley-says-the-fed-
https://www.reuters.com/article/us-health-coronavirus-g20/g20-finance-leaders-pledge-appropriate-fiscal-monetary-actions-in-coronavirus-response-idUSKBN20T319;https://www.reuters.com/article/us-health-coronavirus-g20/g20-finance-leaders-pledge-appropriate-fiscal-monetary-actions-in-coronavirus-response-idUSKBN20T319;reuters-com-article-us-health-coronavirus-g20-g20-finance-leaders-ple
https://www.bloomberg.com/news/articles/2020-03-09/oil-price-war-ecb-firing-blanks-japanese-fiscal-aid-eco-day;https://www.bloomberg.com/news/articles/2020-03-09/oil-price-war-ecb-firing-blanks-japanese-fiscal-aid-eco-day;bloomberg-com-news-articles-2020-03-09-oil-price-war-ecb-firing-blank
https://www.bloomberg.com/news/articles/2020-03-26/singapore-boosts-virus-package-to-11-of-gdp-draws-on-reserves;https://www.bloomberg.com/news/articles/2020-03-26/singapore-boosts-virus-package-to-11-of-gdp-draws-on-reserves;bloomberg-com-news-articles-2020-03-26-singapore-boosts-virus-package
https://www.reuters.com/article/us-health-coronavirus-g20/g20-finance-leaders-pledge-appropriate-fiscal-monetary-actions-in-coronavirus-response-idUSKBN20T319;https://www.reuters.com/article/us-health-coronavirus-g20/g20-finance-leaders-pledge-appropriate-fiscal-monetary-actions-in-coronavirus-response-idUSKBN20T319;reuters-com-article-us-health-coronavirus-g20-g20-finance-leaders-ple
https://www.bloomberg.com/news/articles/2020-04-03/thailand-plans-increased-stimulus-monetary-policy-flexibility;https://www.bloomberg.com/news/articles/2020-04-03/thailand-plans-increased-stimulus-monetary-policy-flexibility;bloomberg-com-news-articles-2020-04-03-thailand-plans-increased-stimu
https://www.reuters.com/article/us-health-coronavirus-boe-text/bank-of-england-monetary-policy-summary-idUSKBN21D1VK;https://www.reuters.com/article/us-health-coronavirus-boe-text/bank-of-england-monetary-policy-summary-idUSKBN21D1VK;reuters-com-article-us-health-coronavirus-boe-text-bank-of-england-mo
https://www.bloomberg.com/news/videos/2020-03-06/fed-s-kaplan-discusses-coronavirus-impact-on-monetary-policy-economy-video;https://www.bloomberg.com/news/videos/2020-03-06/fed-s-kaplan-discusses-coronavirus-impact-on-monetary-policy-economy-video;bloomberg-com-news-videos-2020-03-06-fed-s-kaplan-discusses-coronavir
https://www.bloomberg.com/news/articles/2020-03-30/singapore-s-central-bank-eases-monetary-policy-on-virus-threat;https://www.bloomberg.com/news/articles/2020-03-30/singapore-s-central-bank-eases-monetary-policy-on-virus-threat;bloomberg-com-news-articles-2020-03-30-singapore-s-central-bank-eases
https://www.reuters.com/article/us-singapore-cenbank/singapore-eases-monetary-policy-sharply-as-virus-heralds-deep-recession-idUSKBN21H0HF;https://www.reuters.com/article/us-singapore-cenbank/singapore-eases-monetary-policy-sharply-as-virus-heralds-deep-recession-idUSKBN21H0HF;reuters-com-article-us-singapore-cenbank-singapore-eases-monetary-pol
https://www.nytimes.com/reuters/2020/03/30/world/30reuters-health-coronavirus-economy-factbox.html;https://www.nytimes.com/reuters/2020/03/30/world/30reuters-health-coronavirus-economy-factbox.html;nytimes-com-reuters-2020-03-30-world-30reuters-health-coronavirus-eco
https://www.reuters.com/article/us-usa-fed-kaplan/feds-kaplan-says-wise-to-act-boldly-on-monetary-policy-in-face-of-threats-idUSKBN20S30O;https://www.reuters.com/article/us-usa-fed-kaplan/feds-kaplan-says-wise-to-act-boldly-on-monetary-policy-in-face-of-threats-idUSKBN20S30O;reuters-com-article-us-usa-fed-kaplan-feds-kaplan-says-wise-to-act-bo
https://www.bloomberg.com/news/articles/2020-03-12/ecb-joins-virus-fight-with-stimulus-package-to-shield-economy;https://www.bloomberg.com/news/articles/2020-03-12/ecb-joins-virus-fight-with-stimulus-package-to-shield-economy;bloomberg-com-news-articles-2020-03-12-ecb-joins-virus-fight-with-sti
https://www.reuters.com/article/mexico-centralbank-minutes/update-1-mexico-outlook-gloomy-risks-limit-monetary-policy-scope-cenbank-minutes-idUSL1N2BR14B;https://www.reuters.com/article/mexico-centralbank-minutes/update-1-mexico-outlook-gloomy-risks-limit-monetary-policy-scope-cenbank-minutes-idUSL1N2BR14B;reuters-com-article-mexico-centralbank-minutes-update-1-mexico-outloo
https://www.nytimes.com/2020/04/03/arts/music/bill-withers-dead.html;https://www.nytimes.com/2020/04/03/arts/music/bill-withers-dead.html;nytimes-com-2020-04-03-arts-music-bill-withers-dead-html
https://www.bbc.com/news/world-us-canada-52155227;https://www.bbc.com/news/world-us-canada-52155227;bbc-com-news-world-us-canada-52155227
https://www.washingtonpost.com/opinions/bill-gates-heres-how-to-make-up-for-lost-time-on-covid-19/2020/03/31/ab5c3cf2-738c-11ea-85cb-8670579b863d_story.html;https://www.washingtonpost.com/opinions/bill-gates-heres-how-to-make-up-for-lost-time-on-covid-19/2020/03/31/ab5c3cf2-738c-11ea-85cb-8670579b863d_story.html;washingtonpost-com-opinions-bill-gates-heres-how-to-make-up-for-lost-
https://www.nytimes.com/2020/04/03/briefing/coronavirus-masks-bill-withers.html;https://www.nytimes.com/2020/04/03/briefing/coronavirus-masks-bill-withers.html;nytimes-com-2020-04-03-briefing-coronavirus-masks-bill-withers-html
https://www.nytimes.com/2020/03/11/us/politics/house-passes-fbi-surveillance-bill.html;https://www.nytimes.com/2020/03/11/us/politics/house-passes-fbi-surveillance-bill.html;nytimes-com-2020-03-11-us-politics-house-passes-fbi-surveillance-bill
https://news.yahoo.com/president-says-senate-revise-house-203026956.html;https://news.yahoo.com/president-says-senate-revise-house-203026956.html;news-yahoo-com-president-says-senate-revise-house-203026956-html
https://www.bbc.com/news/newsbeat-51917148;https://www.bbc.com/news/newsbeat-51917148;bbc-com-news-newsbeat-51917148
https://www.nytimes.com/2020/03/28/business/economy/coronavirus-bills-rent-payments.html;https://www.nytimes.com/2020/03/28/business/economy/coronavirus-bills-rent-payments.html;nytimes-com-2020-03-28-business-economy-coronavirus-bills-rent-paymen
https://www.nytimes.com/2020/03/14/us/politics/congress-coronavirus-bill.html;https://www.nytimes.com/2020/03/14/us/politics/congress-coronavirus-bill.html;nytimes-com-2020-03-14-us-politics-congress-coronavirus-bill-html
https://www.nytimes.com/2020/03/26/business/economy/coronavirus-relief-bill.html;https://www.nytimes.com/2020/03/26/business/economy/coronavirus-relief-bill.html;nytimes-com-2020-03-26-business-economy-coronavirus-relief-bill-html
https://news.yahoo.com/demand-shuttle-startup-via-hits-183858391.html;https://news.yahoo.com/demand-shuttle-startup-via-hits-183858391.html;news-yahoo-com-demand-shuttle-startup-via-hits-183858391-html
https://www.forbes.com/sites/nisaamoils/2020/03/13/early-stage-technology-funding-in-the-time-of-coronavirus/;https://www.forbes.com/sites/nisaamoils/2020/03/13/early-stage-technology-funding-in-the-time-of-coronavirus/;forbes-com-sites-nisaamoils-2020-03-13-early-stage-technology-funding
https://www.reuters.com/article/us-global-moneymarket/show-me-the-money-dollar-funding-squeeze-eases-after-fed-facility-report-idUSKBN2141FX;https://www.reuters.com/article/us-global-moneymarket/show-me-the-money-dollar-funding-squeeze-eases-after-fed-facility-report-idUSKBN2141FX;reuters-com-article-us-global-moneymarket-show-me-the-money-dollar-fu
https://www.bbc.com/news/uk-wales-politics-52085642;https://www.bbc.com/news/uk-wales-politics-52085642;bbc-com-news-uk-wales-politics-52085642
https://news.yahoo.com/startups-developing-tech-combat-covid-100208099.html;https://news.yahoo.com/startups-developing-tech-combat-covid-100208099.html;news-yahoo-com-startups-developing-tech-combat-covid-100208099-html
https://news.yahoo.com/don-t-stupid-hold-off-152909150.html;https://news.yahoo.com/don-t-stupid-hold-off-152909150.html;news-yahoo-com-don-t-stupid-hold-off-152909150-html
https://www.forbes.com/sites/briannegarrett/2020/03/20/small-business-relief-tracker-funding-grants-and-resources-for-business-owners-grappling-with-coronavirus/;https://www.forbes.com/sites/briannegarrett/2020/03/20/small-business-relief-tracker-funding-grants-and-resources-for-business-owners-grappling-with-coronavirus/;forbes-com-sites-briannegarrett-2020-03-20-small-business-relief-trac
https://news.yahoo.com/equity-monday-three-funding-rounds-135255460.html;https://news.yahoo.com/equity-monday-three-funding-rounds-135255460.html;news-yahoo-com-equity-monday-three-funding-rounds-135255460-html
https://www.bloomberg.com/news/articles/2020-03-12/confluent-is-said-to-seek-private-funding-at-5-billion-value;https://www.bloomberg.com/news/articles/2020-03-12/confluent-is-said-to-seek-private-funding-at-5-billion-value;bloomberg-com-news-articles-2020-03-12-confluent-is-said-to-seek-priv
https://www.bloomberg.com/news/articles/2020-03-17/how-cross-currency-basis-swaps-show-funding-stress-quicktake;https://www.bloomberg.com/news/articles/2020-03-17/how-cross-currency-basis-swaps-show-funding-stress-quicktake;bloomberg-com-news-articles-2020-03-17-how-cross-currency-basis-swaps
https://www.nytimes.com/article/coronavirus-stimulus-package-questions-answers.html;https://www.nytimes.com/article/coronavirus-stimulus-package-questions-answers.html;nytimes-com-article-coronavirus-stimulus-package-questions-answers-ht
https://www.bloomberg.com/news/articles/2020-03-31/there-s-a-battle-brewing-for-your-1-200-government-relief-check;https://www.bloomberg.com/news/articles/2020-03-31/there-s-a-battle-brewing-for-your-1-200-government-relief-check;bloomberg-com-news-articles-2020-03-31-there-s-a-battle-brewing-for-y
https://www.nytimes.com/2020/03/23/us/politics/coronavirus-trump.html;https://www.nytimes.com/2020/03/23/us/politics/coronavirus-trump.html;nytimes-com-2020-03-23-us-politics-coronavirus-trump-html
https://www.forbes.com/sites/advisor/2020/03/12/list-of-banks-offering-relief-to-customers-affected-by-coronavirus/;https://www.forbes.com/sites/advisor/2020/03/12/list-of-banks-offering-relief-to-customers-affected-by-coronavirus/;forbes-com-sites-advisor-2020-03-12-list-of-banks-offering-relief-to-
https://www.forbes.com/sites/advisor/2020/03/20/list-of-coronavirus-covid-19-small-business-relief-programs/;https://www.forbes.com/sites/advisor/2020/03/20/list-of-coronavirus-covid-19-small-business-relief-programs/;forbes-com-sites-advisor-2020-03-20-list-of-coronavirus-covid-19-smal
https://www.nytimes.com/2020/03/13/podcasts/the-daily/coronavirus-relief.html;https://www.nytimes.com/2020/03/13/podcasts/the-daily/coronavirus-relief.html;nytimes-com-2020-03-13-podcasts-the-daily-coronavirus-relief-html
https://news.yahoo.com/fha-unveils-mortgage-relief-policies-202655237.html;https://news.yahoo.com/fha-unveils-mortgage-relief-policies-202655237.html;news-yahoo-com-fha-unveils-mortgage-relief-policies-202655237-html
https://www.forbes.com/sites/briannegarrett/2020/03/20/small-business-relief-tracker-funding-grants-and-resources-for-business-owners-grappling-with-coronavirus/;https://www.forbes.com/sites/briannegarrett/2020/03/20/small-business-relief-tracker-funding-grants-and-resources-for-business-owners-grappling-with-coronavirus/;forbes-com-sites-briannegarrett-2020-03-20-small-business-relief-trac
https://www.nytimes.com/2020/03/30/us/politics/coronavirus-stimulus-relief-congress.html;https://www.nytimes.com/2020/03/30/us/politics/coronavirus-stimulus-relief-congress.html;nytimes-com-2020-03-30-us-politics-coronavirus-stimulus-relief-congre
https://www.nytimes.com/2020/03/23/world/europe/coronavirus-economic-relief-wages.html;https://www.nytimes.com/2020/03/23/world/europe/coronavirus-economic-relief-wages.html;nytimes-com-2020-03-23-world-europe-coronavirus-economic-relief-wages
https://www.nytimes.com/2020/03/15/smarter-living/corona-stock-market-tips-dealing-with-financial-crash-crisis.html;https://www.nytimes.com/2020/03/15/smarter-living/corona-stock-market-tips-dealing-with-financial-crash-crisis.html;nytimes-com-2020-03-15-smarter-living-corona-stock-market-tips-dealin
https://www.nytimes.com/2020/03/06/business/coronavirus-stock-market.html;https://www.nytimes.com/2020/03/06/business/coronavirus-stock-market.html;nytimes-com-2020-03-06-business-coronavirus-stock-market-html
https://www.nytimes.com/2020/03/18/business/dealbook/coronavirus-economy-bailout-plan.html;https://www.nytimes.com/2020/03/18/business/dealbook/coronavirus-economy-bailout-plan.html;nytimes-com-2020-03-18-business-dealbook-coronavirus-economy-bailout-
https://www.nytimes.com/2020/03/20/opinion/coronavirus-economy-currency.html;https://www.nytimes.com/2020/03/20/opinion/coronavirus-economy-currency.html;nytimes-com-2020-03-20-opinion-coronavirus-economy-currency-html
https://www.nytimes.com/2020/03/09/us/politics/financial-regulations-coronavirus.html;https://www.nytimes.com/2020/03/09/us/politics/financial-regulations-coronavirus.html;nytimes-com-2020-03-09-us-politics-financial-regulations-coronavirus-
https://www.bloomberg.com/news/articles/2020-04-02/states-cities-already-cutting-jobs-with-financial-toll-mounting;https://www.bloomberg.com/news/articles/2020-04-02/states-cities-already-cutting-jobs-with-financial-toll-mounting;bloomberg-com-news-articles-2020-04-02-states-cities-already-cutting-
https://www.forbes.com/sites/neiledwards/2020/03/16/acuity-knowledge-partners-eyes-ai-to-beef-up-financial-research-for-banks/;https://www.forbes.com/sites/neiledwards/2020/03/16/acuity-knowledge-partners-eyes-ai-to-beef-up-financial-research-for-banks/;forbes-com-sites-neiledwards-2020-03-16-acuity-knowledge-partners-eye
https://www.nytimes.com/2020/04/02/business/economy/coronavirus-trump-company-finances.html;https://www.nytimes.com/2020/04/02/business/economy/coronavirus-trump-company-finances.html;nytimes-com-2020-04-02-business-economy-coronavirus-trump-company-fin
https://www.forbes.com/sites/jasonbrett/2020/03/23/new-coronavirus-stimulus-bill-introduces-digital-dollar-and-digital-dollar-wallets/;https://www.forbes.com/sites/jasonbrett/2020/03/23/new-coronavirus-stimulus-bill-introduces-digital-dollar-and-digital-dollar-wallets/;forbes-com-sites-jasonbrett-2020-03-23-new-coronavirus-stimulus-bill-
https://www.forbes.com/sites/advisor/2020/03/22/your-money-and-coronavirus-a-financial-protection-guide/;https://www.forbes.com/sites/advisor/2020/03/22/your-money-and-coronavirus-a-financial-protection-guide/;forbes-com-sites-advisor-2020-03-22-your-money-and-coronavirus-a-fina
https://www.nytimes.com/article/coronavirus-stimulus-package-questions-answers.html;https://www.nytimes.com/article/coronavirus-stimulus-package-questions-answers.html;nytimes-com-article-coronavirus-stimulus-package-questions-answers-ht
https://www.forbes.com/sites/jeffkauflin/2020/03/31/fintechs-say-they-can-speed-up-the-stimulus-if-the-government-just-lets-them/;https://www.forbes.com/sites/jeffkauflin/2020/03/31/fintechs-say-they-can-speed-up-the-stimulus-if-the-government-just-lets-them/;forbes-com-sites-jeffkauflin-2020-03-31-fintechs-say-they-can-speed-u
https://www.forbes.com/sites/morgansimon/2020/04/01/what-the-stimulus-package-means-for-everyday-people-not-corporations/;https://www.forbes.com/sites/morgansimon/2020/04/01/what-the-stimulus-package-means-for-everyday-people-not-corporations/;forbes-com-sites-morgansimon-2020-04-01-what-the-stimulus-package-mea
https://www.nytimes.com/2020/03/07/opinion/the-case-for-permanent-stimulus-wonkish.html;https://www.nytimes.com/2020/03/07/opinion/the-case-for-permanent-stimulus-wonkish.html;nytimes-com-2020-03-07-opinion-the-case-for-permanent-stimulus-wonkis
https://www.nytimes.com/2020/03/27/us/trump-signing-statement-coronavirus.html;https://www.nytimes.com/2020/03/27/us/trump-signing-statement-coronavirus.html;nytimes-com-2020-03-27-us-trump-signing-statement-coronavirus-html
https://www.bloomberg.com/news/articles/2020-03-31/china-factory-rebound-hints-worst-is-over-as-stimulus-lies-ahead;https://www.bloomberg.com/news/articles/2020-03-31/china-factory-rebound-hints-worst-is-over-as-stimulus-lies-ahead;bloomberg-com-news-articles-2020-03-31-china-factory-rebound-hints-wo
https://www.forbes.com/sites/zackfriedman/2020/04/03/your-stimulus-check-may-not-arrive-until-august/;https://www.forbes.com/sites/zackfriedman/2020/04/03/your-stimulus-check-may-not-arrive-until-august/;forbes-com-sites-zackfriedman-2020-04-03-your-stimulus-check-may-not-
https://news.yahoo.com/does-trump-administration-talent-stimulus-111603245.html;https://news.yahoo.com/does-trump-administration-talent-stimulus-111603245.html;news-yahoo-com-does-trump-administration-talent-stimulus-111603245-ht
https://www.bloomberg.com/news/articles/2020-03-31/japan-plans-record-60-trillion-yen-stimulus-as-virus-spreads;https://www.bloomberg.com/news/articles/2020-03-31/japan-plans-record-60-trillion-yen-stimulus-as-virus-spreads;bloomberg-com-news-articles-2020-03-31-japan-plans-record-60-trillion
https://www.bloomberg.com/news/articles/2020-03-31/after-2-trillion-stimulus-a-call-for-another-u-s-rescue-fund;https://www.bloomberg.com/news/articles/2020-03-31/after-2-trillion-stimulus-a-call-for-another-u-s-rescue-fund;bloomberg-com-news-articles-2020-03-31-after-2-trillion-stimulus-a-ca
https://www.bbc.com/news/business-51962982;https://www.bbc.com/news/business-51962982;bbc-com-news-business-51962982
https://www.bbc.com/news/business-51831004;https://www.bbc.com/news/business-51831004;bbc-com-news-business-51831004
https://www.forbes.com/sites/amiyatoshpurnanandam/2020/04/01/getting-ready-for-negative-interest-rates/;https://www.forbes.com/sites/amiyatoshpurnanandam/2020/04/01/getting-ready-for-negative-interest-rates/;forbes-com-sites-amiyatoshpurnanandam-2020-04-01-getting-ready-for-ne
https://news.yahoo.com/us-slashes-federal-interest-rates-213541389.html;https://news.yahoo.com/us-slashes-federal-interest-rates-213541389.html;news-yahoo-com-us-slashes-federal-interest-rates-213541389-html
https://www.reuters.com/article/egypt-cenbank-rates/update-2-egypts-cuts-interest-rates-by-300-basis-points-in-face-of-coronavirus-idUSL8N2B97TS;https://www.reuters.com/article/egypt-cenbank-rates/update-2-egypts-cuts-interest-rates-by-300-basis-points-in-face-of-coronavirus-idUSL8N2B97TS;reuters-com-article-egypt-cenbank-rates-update-2-egypts-cuts-interest
https://www.bloomberg.com/news/articles/2020-03-16/vietnam-s-central-bank-cuts-benchmark-interest-rate;https://www.bloomberg.com/news/articles/2020-03-16/vietnam-s-central-bank-cuts-benchmark-interest-rate;bloomberg-com-news-articles-2020-03-16-vietnam-s-central-bank-cuts-be
https://www.bbc.com/news/business-51832486;https://www.bbc.com/news/business-51832486;bbc-com-news-business-51832486
https://www.nytimes.com/2020/03/15/business/economy/federal-reserve-coronavirus.html;https://www.nytimes.com/2020/03/15/business/economy/federal-reserve-coronavirus.html;nytimes-com-2020-03-15-business-economy-federal-reserve-coronavirus-h
https://www.reuters.com/article/brazil-economy-rates/brazil-cuts-interest-rates-to-new-low-3-75-in-coronavirus-fight-idUSAQN02ANM8;https://www.reuters.com/article/brazil-economy-rates/brazil-cuts-interest-rates-to-new-low-3-75-in-coronavirus-fight-idUSAQN02ANM8;reuters-com-article-brazil-economy-rates-brazil-cuts-interest-rates-t
https://www.nytimes.com/aponline/2020/03/18/business/ap-as-australia-economy.html;https://www.nytimes.com/aponline/2020/03/18/business/ap-as-australia-economy.html;nytimes-com-aponline-2020-03-18-business-ap-as-australia-economy-html
