Province/State;Country/Region;Last Update;Confirmed;Deaths;Recovered
Hubei;Mainland China;1/31/2020 23:59;5806;204,0;141,0
Zhejiang;Mainland China;1/31/2020 23:59;538;;14,0
Guangdong;Mainland China;1/31/2020 23:59;436;;11,0
Henan;Mainland China;1/31/2020 23:59;352;2,0;3,0
Hunan;Mainland China;1/31/2020 23:59;332;;2,0
Jiangxi;Mainland China;1/31/2020 23:59;240;;7,0
Anhui;Mainland China;1/31/2020 23:59;237;;3,0
Chongqing;Mainland China;1/31/2020 23:59;211;;1,0
Shandong;Mainland China;1/31/2020 23:59;184;;2,0
Sichuan;Mainland China;1/31/2020 23:59;177;1,0;1,0
Jiangsu;Mainland China;1/31/2020 23:59;168;;5,0
Beijing;Mainland China;1/31/2020 23:59;139;1,0;5,0
Shanghai;Mainland China;1/31/2020 23:59;135;1,0;9,0
Fujian;Mainland China;1/31/2020 23:59;120;;
Guangxi;Mainland China;1/31/2020 23:59;87;;2,0
Shaanxi;Mainland China;1/31/2020 23:59;87;;
Yunnan;Mainland China;1/31/2020 23:59;83;;1,0
Hebei;Mainland China;1/31/2020 23:59;82;1,0;
Heilongjiang;Mainland China;1/31/2020 23:59;59;2,0;
Hainan;Mainland China;1/31/2020 23:59;52;1,0;1,0
Liaoning;Mainland China;1/31/2020 23:59;48;;1,0
Shanxi;Mainland China;1/31/2020 23:59;39;;1,0
Tianjin;Mainland China;1/31/2020 23:59;32;;
Guizhou;Mainland China;1/31/2020 23:59;29;;2,0
Gansu;Mainland China;1/31/2020 23:59;29;;
Ningxia;Mainland China;1/31/2020 23:59;21;;
Inner Mongolia;Mainland China;1/31/2020 23:59;20;;1,0
Xinjiang;Mainland China;1/31/2020 23:59;17;;
Jilin;Mainland China;1/31/2020 23:59;14;;1,0
Hong Kong;Hong Kong;1/31/2020 23:59;12;;
Taiwan;Taiwan;1/31/2020 23:59;10;;
Qinghai;Mainland China;1/31/2020 23:59;8;;
Macau;Macau;1/31/2020 23:59;7;;
Tibet;Mainland China;1/31/2020 23:59;1;;
;Thailand;1/31/2020 23:59;19;;5,0
;Japan;1/31/2020 23:59;15;;1,0
;Singapore;1/31/2020 23:59;13;;
;South Korea;1/31/2020 23:59;11;;
;Malaysia;1/31/2020 23:59;8;;
;France;1/31/2020 23:59;5;;
Bavaria;Germany;1/31/2020 23:59;5;;
New South Wales;Australia;1/31/2020 23:59;4;;2,0
;United Arab Emirates;1/31/2020 23:59;4;;
Victoria;Australia;1/31/2020 23:59;3;;
Illinois;US;1/31/2020 23:59;2;;
California;US;1/31/2020 23:59;2;;
;Vietnam;1/31/2020 23:59;2;;
Ontario;Canada;1/31/2020 23:59;2;;
Queensland;Australia;1/31/2020 23:59;2;;
;Italy;1/31/2020 23:59;2;;
;UK;1/31/2020 23:59;2;;
;Russia;1/31/2020 23:59;2;;
Washington;US;1/31/2020 23:59;1;;
Arizona;US;1/31/2020 23:59;1;;
;Nepal;1/31/2020 23:59;1;;
British Columbia;Canada;1/31/2020 23:59;1;;
;Cambodia;1/31/2020 23:59;1;;
;Sri Lanka;1/31/2020 23:59;1;;
;Finland;1/31/2020 23:59;1;;
;Philippines;1/31/2020 23:59;1;;
;India;1/31/2020 23:59;1;;
;Sweden;1/31/2020 23:59;1;;
