city;city_ibge_code;confirmed;confirmed_per_100k_inhabitants;date;death_rate;deaths;estimated_population_2019;is_last;order_for_place;place_type;state
Águas Lindas de Goiás;5200258;1;0,47072;2020-03-30;;0,0;212440,0;True;3;city;GO
Anápolis;5201108;4;1,0338;2020-03-30;;0,0;386923,0;True;14;city;GO
Aparecida de Goiânia;5201405;2;0,34591;2020-03-30;;0,0;578179,0;True;12;city;GO
Catalão;5205109;1;0,91892;2020-03-30;;0,0;108823,0;True;9;city;GO
Goianésia;5208608;1;1,42686;2020-03-30;;0,0;70084,0;True;3;city;GO
Goiânia;5208707;35;2,30854;2020-03-30;;0,0;1516113,0;True;18;city;GO
Hidrolândia;5209705;1;4,60702;2020-03-30;;0,0;21706,0;True;4;city;GO
Importados/Indefinidos;;0;;2020-03-30;;0,0;;True;11;city;GO
Itumbiara;5211503;2;1,90945;2020-03-30;;0,0;104742,0;True;1;city;GO
Jataí;5211909;2;1,98251;2020-03-30;;0,0;100882,0;True;12;city;GO
Luziânia;5212501;1;0,48008;2020-03-30;1,0;1,0;208299,0;True;6;city;GO
Rio Verde;5218805;7;2,97054;2020-03-30;;0,0;235647,0;True;18;city;GO
Silvânia;5220603;1;4,83209;2020-03-30;;0,0;20695,0;True;6;city;GO
Valparaíso de Goiás;5221858;2;1,18717;2020-03-30;;0,0;168468,0;True;7;city;GO
;52;60;0,8549;2020-03-30;0,0167;1,0;7018354,0;True;19;state;GO
Ananindeua;1500800;4;0,75387;2020-03-30;;0,0;530598,0;True;6;city;PA
Belém;1501402;13;0,87088;2020-03-30;;0,0;1492745,0;True;13;city;PA
Castanhal;1502400;1;0,49803;2020-03-30;;0,0;200793,0;True;5;city;PA
Itaituba;1503606;1;0,98768;2020-03-30;;0,0;101247,0;True;5;city;PA
Marabá;1504208;1;0,35798;2020-03-30;;0,0;279349,0;True;8;city;PA
Parauapebas;1505536;1;0,48014;2020-03-30;;0,0;208273,0;True;3;city;PA
;15;21;0,2441;2020-03-30;;0,0;8602865,0;True;13;state;PA
Campina Grande;2504009;2;0,48813;2020-03-30;;;409731,0;True;4;city;PB
Igaracy;2502607;1;16,34788;2020-03-30;;;6117,0;True;8;city;PB
João Pessoa;2507507;11;1,35968;2020-03-30;;;809015,0;True;19;city;PB
Sousa;2516201;1;1,44001;2020-03-30;;;69444,0;True;4;city;PB
;25;15;0,37331;2020-03-30;;0,0;4018127,0;True;19;state;PB
Açu;2400208;1;1,72363;2020-03-30;;0,0;58017,0;True;2;city;RN
Apodi;2401008;1;2,78979;2020-03-30;;0,0;35845,0;True;1;city;RN
Caicó;2402006;2;2,94325;2020-03-30;;0,0;67952,0;True;2;city;RN
Carnaubais;2402501;1;9,29454;2020-03-30;;0,0;10759,0;True;1;city;RN
Importados/Indefinidos;;2;;2020-03-30;;0,0;;True;2;city;RN
Luís Gomes;2407005;1;9,88533;2020-03-30;;0,0;10116,0;True;1;city;RN
Macaíba;2407104;1;1,23775;2020-03-30;;0,0;80792,0;True;2;city;RN
Monte Alegre;2407807;1;4,45414;2020-03-30;;0,0;22451,0;True;2;city;RN
Mossoró;2408003;16;5,38036;2020-03-30;0,0625;1,0;297378,0;True;8;city;RN
Natal;2408102;36;4,07184;2020-03-30;;0,0;884122,0;True;13;city;RN
Parnamirim;2403251;10;3,82455;2020-03-30;;0,0;261469,0;True;9;city;RN
Passa e Fica;2409100;1;7,53182;2020-03-30;;0,0;13277,0;True;2;city;RN
São Gonçalo do Amarante;2412005;2;1,95312;2020-03-30;;0,0;102400,0;True;2;city;RN
São José de Mipibu;2412203;1;2,27796;2020-03-30;;0,0;43899,0;True;2;city;RN
Tibau;2411056;1;24,3546;2020-03-30;;0,0;4106,0;True;2;city;RN
;24;77;2,1957;2020-03-30;0,013;1,0;3506853,0;True;13;state;RN
Boa Vista;1400100;13;3,25641;2020-03-30;;0,0;399213,0;True;10;city;RR
Bonfim;1400159;3;24,176;2020-03-30;;0,0;12409,0;True;7;city;RR
;14;16;2,64131;2020-03-30;;0,0;605761,0;True;10;state;RR
Acrelândia;1200013;2;13,1096;2020-03-29;;0,0;15256,0;True;1;city;AC
Porto Acre;1200807;1;5,40424;2020-03-29;;0,0;18504,0;True;1;city;AC
Rio Branco;1200401;31;7,61074;2020-03-29;;0,0;407319,0;True;13;city;AC
;12;34;3,85516;2020-03-29;;0,0;881935,0;True;13;state;AC
Importados/Indefinidos;;4;;2020-03-29;;0,0;;True;1;city;AL
Maceió;2704302;12;1,17769;2020-03-29;;0,0;1018948,0;True;19;city;AL
Porto Real do Colégio;2707503;1;4,98355;2020-03-29;;0,0;20066,0;True;5;city;AL
;27;17;0,50939;2020-03-29;;0,0;3337357,0;True;19;state;AL
Anori;1300102;1;4,75964;2020-03-29;;;21010,0;True;1;city;AM
Boca do Acre;1300706;1;2,91477;2020-03-29;;;34308,0;True;4;city;AM
Itacoatiara;1301902;2;1,97361;2020-03-29;;;101337,0;True;1;city;AM
Manacapuru;1302504;2;2,05387;2020-03-29;;;97377,0;True;3;city;AM
Manaus;1302603;131;6,00157;2020-03-29;;;2182763,0;True;13;city;AM
Parintins;1303403;2;1,75019;2020-03-29;0,5;1,0;114273,0;True;7;city;AM
Santo Antônio do Içá;1303700;1;4,6292;2020-03-29;;;21602,0;True;4;city;AM
;13;140;3,37789;2020-03-29;0,0071;1,0;4144597,0;True;13;state;AM
Macapá;1600303;8;1,58942;2020-03-29;;0,0;503327,0;True;10;city;AP
;16;8;0,94593;2020-03-29;;0,0;845731,0;True;10;state;AP
Alagoinhas;2900702;1;0,65965;2020-03-29;;0,0;151596,0;True;4;city;BA
Barreiras;2903201;1;0,64334;2020-03-29;;0,0;155439,0;True;8;city;BA
Brumado;2904605;1;1,48821;2020-03-29;;0,0;67195,0;True;7;city;BA
Camaçari;2905701;1;0,3343;2020-03-29;;0,0;299132,0;True;10;city;BA
Canarana;2906204;1;3,82029;2020-03-29;;0,0;26176,0;True;5;city;BA
Conceição do Jacuípe;2908507;1;3,01632;2020-03-29;;0,0;33153,0;True;8;city;BA
Conde;2908606;1;3,87042;2020-03-29;;0,0;25837,0;True;6;city;BA
Feira de Santana;2910800;9;1,46372;2020-03-29;;0,0;614872,0;True;22;city;BA
Ilhéus;2913606;2;1,23208;2020-03-29;;0,0;162327,0;True;5;city;BA
Importados/Indefinidos;;0;;2020-03-29;;0,0;;True;6;city;BA
Itabuna;2914802;2;0,93799;2020-03-29;;0,0;213223,0;True;11;city;BA
Itagibá;2915205;1;6,85918;2020-03-29;;0,0;14579,0;True;2;city;BA
Itamaraju;2915601;1;1,55072;2020-03-29;;;64486,0;True;1;city;BA
Itororó;2917102;1;4,90629;2020-03-29;;;20382,0;True;1;city;BA
Jequié;2918001;1;0,64117;2020-03-29;;0,0;155966,0;True;7;city;BA
Juazeiro;2918407;2;0,92291;2020-03-29;;0,0;216707,0;True;7;city;BA
Lauro de Freitas;2919207;11;5,54324;2020-03-29;;0,0;198440,0;True;11;city;BA
Pojuca;2925204;1;2,53043;2020-03-29;;;39519,0;True;1;city;BA
Porto Seguro;2925303;10;6,72558;2020-03-29;;0,0;148686,0;True;14;city;BA
Prado;2925501;3;10,64812;2020-03-29;;0,0;28174,0;True;13;city;BA
Salvador;2927408;103;3,58592;2020-03-29;0,0097;1,0;2872347,0;True;16;city;BA
São Domingos;2928950;1;11,03996;2020-03-29;;0,0;9058,0;True;5;city;BA
Teixeira de Freitas;2931350;1;0,6231;2020-03-29;;0,0;160487,0;True;6;city;BA
;29;156;1,04888;2020-03-29;0,0064;1,0;14873064,0;True;22;state;BA
Aquiraz;2301000;7;8,72046;2020-03-29;;0,0;80271,0;True;13;city;CE
Caucaia;2303709;1;0,2767;2020-03-29;;0,0;361400,0;True;2;city;CE
Fortaleza;2304400;338;12,6623;2020-03-29;0,0148;5,0;2669342,0;True;13;city;CE
Fortim;2304459;1;6,06796;2020-03-29;;0,0;16480,0;True;10;city;CE
Importados/Indefinidos;;0;;2020-03-29;;0,0;;True;11;city;CE
Itaitinga;2306256;1;2,63296;2020-03-29;;0,0;37980,0;True;1;city;CE
Juazeiro do Norte;2307304;1;0,36469;2020-03-29;;0,0;274207,0;True;10;city;CE
Maracanaú;2307650;1;0,43882;2020-03-29;;0,0;227886,0;True;1;city;CE
Maranguape;2307700;1;0,77533;2020-03-29;;0,0;128978,0;True;3;city;CE
Mauriti;2308104;1;2,08498;2020-03-29;;0,0;47962,0;True;6;city;CE
Quixadá;2311306;2;2,27977;2020-03-29;;0,0;87728,0;True;2;city;CE
Sobral;2312908;5;2,39309;2020-03-29;;0,0;208935,0;True;11;city;CE
;23;359;3,9312;2020-03-29;0,0139;5,0;9132078,0;True;14;state;CE
Brasília;5300108;298;9,88304;2020-03-29;0,0034;1,0;3015268,0;True;22;city;DF
;53;298;9,88304;2020-03-29;0,0034;1,0;3015268,0;True;22;state;DF
Águas Lindas de Goiás;5200258;1;0,47072;2020-03-29;;0,0;212440,0;False;2;city;GO
Anápolis;5201108;4;1,0338;2020-03-29;;0,0;386923,0;False;13;city;GO
Aparecida de Goiânia;5201405;2;0,34591;2020-03-29;;0,0;578179,0;False;11;city;GO
Catalão;5205109;1;0,91892;2020-03-29;;0,0;108823,0;False;8;city;GO
Goianésia;5208608;1;1,42686;2020-03-29;;0,0;70084,0;False;2;city;GO
Goiânia;5208707;33;2,17662;2020-03-29;;0,0;1516113,0;False;17;city;GO
Hidrolândia;5209705;1;4,60702;2020-03-29;;0,0;21706,0;False;3;city;GO
Importados/Indefinidos;;0;;2020-03-29;;0,0;;False;10;city;GO
Jataí;5211909;2;1,98251;2020-03-29;;0,0;100882,0;False;11;city;GO
Luziânia;5212501;1;0,48008;2020-03-29;1,0;1,0;208299,0;False;5;city;GO
Rio Verde;5218805;7;2,97054;2020-03-29;;0,0;235647,0;False;17;city;GO
Silvânia;5220603;1;4,83209;2020-03-29;;0,0;20695,0;False;5;city;GO
Valparaíso de Goiás;5221858;2;1,18717;2020-03-29;;0,0;168468,0;False;6;city;GO
;52;56;0,79791;2020-03-29;0,0179;1,0;7018354,0;False;18;state;GO
Belo Horizonte;3106200;143;5,69252;2020-03-29;;0,0;2512070,0;True;13;city;MG
Betim;3106705;5;1,13807;2020-03-29;;0,0;439340,0;True;7;city;MG
Boa Esperança;3107109;1;2,49209;2020-03-29;;0,0;40127,0;True;4;city;MG
Bom Despacho;3107406;1;1,97609;2020-03-29;;0,0;50605,0;True;7;city;MG
Campo Belo;3111200;1;1,85086;2020-03-29;;0,0;54029,0;True;3;city;MG
Campos Altos;3111507;1;6,46789;2020-03-29;;0,0;15461,0;True;7;city;MG
Carmo do Cajuru;3114204;1;4,44879;2020-03-29;;0,0;22478,0;True;3;city;MG
Contagem;3118601;4;0,60254;2020-03-29;;0,0;663855,0;True;7;city;MG
Coronel Fabriciano;3119401;1;0,91029;2020-03-29;;0,0;109855,0;True;12;city;MG
Divinópolis;3122306;7;2,93834;2020-03-29;;0,0;238230,0;True;20;city;MG
Extrema;3125101;1;2,76052;2020-03-29;;0,0;36225,0;True;1;city;MG
Governador Valadares;3127701;2;0,71458;2020-03-29;;0,0;279885,0;True;4;city;MG
Guimarânia;3128907;1;12,43936;2020-03-29;;0,0;8039,0;True;3;city;MG
Importados/Indefinidos;;3;;2020-03-29;;0,0;;True;8;city;MG
Ipatinga;3131307;1;0,37964;2020-03-29;;0,0;263410,0;True;16;city;MG
Juiz de Fora;3136702;11;1,93365;2020-03-29;;0,0;568873,0;True;14;city;MG
Lagoa da Prata;3137205;2;3,83399;2020-03-29;;0,0;52165,0;True;7;city;MG
Mariana;3140001;2;3,29359;2020-03-29;;0,0;60724,0;True;9;city;MG
Muriaé;3143906;1;0,91943;2020-03-29;;0,0;108763,0;True;1;city;MG
Nova Lima;3144805;19;20,0234;2020-03-29;;0,0;94889,0;True;12;city;MG
Patrocínio;3148103;1;1,10184;2020-03-29;;0,0;90757,0;True;14;city;MG
Poços de Caldas;3151800;2;1,19476;2020-03-29;;0,0;167397,0;True;9;city;MG
Sabará;3156700;3;2,20032;2020-03-29;;0,0;136344,0;True;3;city;MG
Santa Luzia;3157807;1;0,45634;2020-03-29;;0,0;219134,0;True;1;city;MG
São João del Rei;3162500;2;2,2202;2020-03-29;;0,0;90082,0;True;4;city;MG
Serra do Salitre;3166808;1;8,63409;2020-03-29;;0,0;11582,0;True;1;city;MG
Sete Lagoas;3167202;2;0,83459;2020-03-29;;0,0;239639,0;True;12;city;MG
Timóteo;3168705;1;1,11307;2020-03-29;;0,0;89842,0;True;7;city;MG
Uberaba;3170107;3;0,89879;2020-03-29;;0,0;333783,0;True;9;city;MG
Uberlândia;3170206;7;1,01258;2020-03-29;;0,0;691305,0;True;12;city;MG
;31;231;1,09123;2020-03-29;;0,0;21168791,0;True;21;state;MG
Batayporã;5002001;2;17,65381;2020-03-29;;0,0;11329,0;True;3;city;MS
Campo Grande;5002704;29;3,23667;2020-03-29;;0,0;895982,0;True;16;city;MS
Dourados;5003702;2;0,89707;2020-03-29;;0,0;222949,0;True;2;city;MS
Ponta Porã;5006606;1;1,08078;2020-03-29;;0,0;92526,0;True;9;city;MS
Rio Verde de Mato Grosso;5007406;1;5,06432;2020-03-29;;0,0;19746,0;True;3;city;MS
Sidrolândia;5007901;1;1,73415;2020-03-29;;0,0;57665,0;True;11;city;MS
;50;36;1,29544;2020-03-29;;0,0;2778986,0;True;16;state;MS
Ananindeua;1500800;4;0,75387;2020-03-29;;0,0;530598,0;False;5;city;PA
Belém;1501402;12;0,80389;2020-03-29;;0,0;1492745,0;False;12;city;PA
Castanhal;1502400;1;0,49803;2020-03-29;;0,0;200793,0;False;4;city;PA
Itaituba;1503606;1;0,98768;2020-03-29;;0,0;101247,0;False;4;city;PA
Marabá;1504208;1;0,35798;2020-03-29;;0,0;279349,0;False;7;city;PA
Parauapebas;1505536;1;0,48014;2020-03-29;;0,0;208273,0;False;2;city;PA
;15;20;0,23248;2020-03-29;;0,0;8602865,0;False;12;state;PA
Campina Grande;2504009;2;0,48813;2020-03-29;;;409731,0;False;3;city;PB
Igaracy;2502607;1;16,34788;2020-03-29;;;6117,0;False;7;city;PB
João Pessoa;2507507;10;1,23607;2020-03-29;;;809015,0;False;18;city;PB
Sousa;2516201;1;1,44001;2020-03-29;;;69444,0;False;3;city;PB
;25;14;0,34842;2020-03-29;;0,0;4018127,0;False;18;state;PB
Belo Jardim;2601706;1;1,30823;2020-03-29;;;76439,0;True;11;city;PE
Camaragibe;2603454;1;0,6336;2020-03-29;;;157828,0;True;3;city;PE
Caruaru;2604106;1;0,27692;2020-03-29;;;361118,0;True;7;city;PE
Fernando de Noronha;2605459;1;32,66906;2020-03-29;;;3061,0;True;3;city;PE
Goiana;2606200;1;1,25379;2020-03-29;;;79758,0;True;3;city;PE
Importados/Indefinidos;;5;;2020-03-29;0,2;1,0;;True;13;city;PE
Jaboatão dos Guararapes;2607901;6;0,85434;2020-03-29;;;702298,0;True;11;city;PE
Olinda;2609600;4;1,01916;2020-03-29;;;392482,0;True;8;city;PE
Petrolina;2611101;2;0,57283;2020-03-29;;;349145,0;True;7;city;PE
Recife;2611606;50;3,03817;2020-03-29;0,08;4,0;1645727,0;True;15;city;PE
São Lourenço da Mata;2613701;1;0,88316;2020-03-29;;;113230,0;True;2;city;PE
;26;73;0,76383;2020-03-29;0,0685;5,0;9557071,0;True;18;state;PE
Campo Largo;4104204;2;1,51513;2020-03-29;;0,0;132002,0;True;13;city;PR
Campo Mourão;4104303;2;2,10839;2020-03-29;;0,0;94859,0;True;5;city;PR
Cascavel;4104808;8;2,43565;2020-03-29;;0,0;328454,0;True;7;city;PR
Castro;4104907;1;1,39891;2020-03-29;;0,0;71484,0;True;1;city;PR
Cianorte;4105508;7;8,47252;2020-03-29;;0,0;82620,0;True;16;city;PR
Colombo;4105805;1;0,4103;2020-03-29;;0,0;243726,0;True;8;city;PR
Contenda;4106209;1;5,38097;2020-03-29;;0,0;18584,0;True;1;city;PR
Curitiba;4106902;73;3,77631;2020-03-29;;0,0;1933105,0;True;16;city;PR
Faxinal;4107603;1;5,79677;2020-03-29;;0,0;17251,0;True;5;city;PR
Foz do Iguaçu;4108304;10;3,86799;2020-03-29;;0,0;258532,0;True;12;city;PR
Guaíra;4108809;2;6,03883;2020-03-29;;0,0;33119,0;True;10;city;PR
Guarapuava;4109401;1;0,55095;2020-03-29;;0,0;181504,0;True;3;city;PR
Importados/Indefinidos;;5;;2020-03-29;;0,0;;True;8;city;PR
Iretama;4110805;1;9,83381;2020-03-29;;0,0;10169,0;True;3;city;PR
Londrina;4113700;7;1,22865;2020-03-29;;0,0;569733,0;True;13;city;PR
Marechal Cândido Rondon;4114609;1;1,88879;2020-03-29;;0,0;52944,0;True;1;city;PR
Maringá;4115200;8;1,88828;2020-03-29;0,25;2,0;423666,0;True;12;city;PR
Mariópolis;4115309;1;15,12859;2020-03-29;;0,0;6610,0;True;2;city;PR
Medianeira;4115804;1;2,1646;2020-03-29;;0,0;46198,0;True;1;city;PR
Paranavaí;4118402;2;2,26311;2020-03-29;;0,0;88374,0;True;6;city;PR
Pato Branco;4118501;2;2,4131;2020-03-29;;0,0;82881,0;True;9;city;PR
Peabiru;4118808;1;7,1449;2020-03-29;;0,0;13996,0;True;1;city;PR
Pinhais;4119152;3;2,27003;2020-03-29;;0,0;132157,0;True;9;city;PR
Ponta Grossa;4119905;3;0,85291;2020-03-29;;0,0;351736,0;True;9;city;PR
Quatiguá;4120705;1;13,42462;2020-03-29;;0,0;7449,0;True;2;city;PR
Rio Negro;4122305;1;2,92654;2020-03-29;;0,0;34170,0;True;3;city;PR
São José dos Pinhais;4125506;1;0,30927;2020-03-29;;0,0;323340,0;True;1;city;PR
Telêmaco Borba;4127106;1;1,26624;2020-03-29;;0,0;78974,0;True;6;city;PR
Terra Rica;4127304;1;5,95628;2020-03-29;;0,0;16789,0;True;1;city;PR
Umuarama;4128104;2;1,79281;2020-03-29;;0,0;111557,0;True;9;city;PR
União da Vitória;4128203;1;1,73862;2020-03-29;;0,0;57517,0;True;3;city;PR
;41;152;1,32937;2020-03-29;0,0132;2,0;11433957,0;True;16;state;PR
Ji-Paraná;1100122;1;0,77538;2020-03-29;;0,0;128969,0;True;9;city;RO
Porto Velho;1100205;5;0,94421;2020-03-29;;0,0;529544,0;True;8;city;RO
;11;6;0,3376;2020-03-29;;0,0;1777225,0;True;9;state;RO
Boa Vista;1400100;13;3,25641;2020-03-29;;0,0;399213,0;False;9;city;RR
Bonfim;1400159;3;24,176;2020-03-29;;0,0;12409,0;False;6;city;RR
;14;16;2,64131;2020-03-29;;0,0;605761,0;False;9;state;RR
Antônio Carlos;4201208;1;11,74674;2020-03-29;;0,0;8513,0;True;3;city;SC
Balneário Arroio do Silva;4201950;1;7,65052;2020-03-29;;0,0;13071,0;True;5;city;SC
Balneário Camboriú;4202008;9;6,32489;2020-03-29;;0,0;142295,0;True;12;city;SC
Blumenau;4202404;12;3,35947;2020-03-29;;0,0;357199,0;True;8;city;SC
Braço do Norte;4202800;12;35,87444;2020-03-29;;0,0;33450,0;True;15;city;SC
Brusque;4202909;2;1,48453;2020-03-29;;0,0;134723,0;True;2;city;SC
Camboriú;4203204;7;8,43485;2020-03-29;;0,0;82989,0;True;5;city;SC
Canelinha;4203709;1;8,16993;2020-03-29;;0,0;12240,0;True;5;city;SC
Chapecó;4204202;5;2,26894;2020-03-29;;0,0;220367,0;True;10;city;SC
Criciúma;4204608;13;6,04129;2020-03-29;;0,0;215186,0;True;10;city;SC
Florianópolis;4205407;40;7,98446;2020-03-29;;0,0;500973,0;True;18;city;SC
Gaspar;4205902;2;2,87195;2020-03-29;;0,0;69639,0;True;7;city;SC
Gravatal;4206207;3;26,08469;2020-03-29;;0,0;11501,0;True;9;city;SC
Içara;4207007;1;1,77239;2020-03-29;;0,0;56421,0;True;7;city;SC
Imbituba;4207304;5;11,14753;2020-03-29;;0,0;44853,0;True;10;city;SC
Importados/Indefinidos;;8;;2020-03-29;;0,0;;True;5;city;SC
Indaial;4207502;1;1,4404;2020-03-29;;0,0;69425,0;True;1;city;SC
Itajaí;4208203;18;8,19911;2020-03-29;;0,0;219536,0;True;9;city;SC
Itapema;4208302;1;1,53111;2020-03-29;;0,0;65312,0;True;4;city;SC
Jaguaruna;4208807;2;9,98801;2020-03-29;;0,0;20024,0;True;9;city;SC
Jaraguá do Sul;4208906;2;1,12551;2020-03-29;;0,0;177697,0;True;10;city;SC
Joinville;4209102;9;1,52422;2020-03-29;;0,0;590466,0;True;17;city;SC
Lages;4209300;1;0,63474;2020-03-29;;0,0;157544,0;True;8;city;SC
Laguna;4209409;1;2,18274;2020-03-29;;0,0;45814,0;True;6;city;SC
Navegantes;4211306;3;3,68211;2020-03-29;;0,0;81475,0;True;10;city;SC
Papanduva;4212205;2;10,35197;2020-03-29;;0,0;19320,0;True;2;city;SC
Pomerode;4213203;1;2,9898;2020-03-29;;0,0;33447,0;True;10;city;SC
Porto Belo;4213500;4;18,70208;2020-03-29;;0,0;21388,0;True;7;city;SC
Rancho Queimado;4214300;2;69,4927;2020-03-29;;0,0;2878,0;True;16;city;SC
São Francisco do Sul;4216206;1;1,89678;2020-03-29;;0,0;52721,0;True;2;city;SC
São José;4216602;10;4,05538;2020-03-29;0,1;1,0;246586,0;True;11;city;SC
São Lourenço do Oeste;4216909;1;4,15351;2020-03-29;;0,0;24076,0;True;3;city;SC
São Ludgero;4217006;1;7,45712;2020-03-29;;0,0;13410,0;True;5;city;SC
São Pedro de Alcântara;4217253;1;17,17328;2020-03-29;;0,0;5823,0;True;5;city;SC
Siderópolis;4217600;2;14,27857;2020-03-29;;0,0;14007,0;True;4;city;SC
Tijucas;4218004;1;2,60369;2020-03-29;;0,0;38407,0;True;6;city;SC
Timbé do Sul;4218103;1;18,69858;2020-03-29;;0,0;5348,0;True;4;city;SC
Tubarão;4218707;9;8,51579;2020-03-29;;0,0;105686,0;True;12;city;SC
Urussanga;4219002;1;4,7019;2020-03-29;;0,0;21268,0;True;2;city;SC
;42;197;2,74956;2020-03-29;0,0051;1,0;7164788,0;True;18;state;SC
;35;1451;3,15991;2020-03-29;0,0675;98,0;45919049,0;True;31;state;SP
Araguaína;1702109;1;0,55411;2020-03-29;;0,0;180470,0;True;3;city;TO
Palmas;1721000;9;3,00876;2020-03-29;;0,0;299127,0;True;11;city;TO
;17;10;0,63578;2020-03-29;;0,0;1572866,0;True;10;state;TO
Rio Branco;1200401;25;6,1377;2020-03-28;;0,0;407319,0;False;12;city;AC
;12;25;2,83468;2020-03-28;;0,0;881935,0;False;12;state;AC
Maceió;2704302;13;1,27583;2020-03-28;;0,0;1018948,0;False;18;city;AL
Porto Real do Colégio;2707503;1;4,98355;2020-03-28;;0,0;20066,0;False;4;city;AL
;27;14;0,41949;2020-03-28;;0,0;3337357,0;False;18;state;AL
Boca do Acre;1300706;1;2,91477;2020-03-28;;;34308,0;False;3;city;AM
Manacapuru;1302504;2;2,05387;2020-03-28;;;97377,0;False;2;city;AM
Manaus;1302603;105;4,81042;2020-03-28;;;2182763,0;False;12;city;AM
Parintins;1303403;2;1,75019;2020-03-28;0,5;1,0;114273,0;False;6;city;AM
Santo Antônio do Içá;1303700;1;4,6292;2020-03-28;;;21602,0;False;3;city;AM
;13;111;2,67819;2020-03-28;0,009;1,0;4144597,0;False;12;state;AM
Macapá;1600303;4;0,79471;2020-03-28;;0,0;503327,0;False;9;city;AP
;16;4;0,47296;2020-03-28;;0,0;845731,0;False;9;state;AP
Alagoinhas;2900702;1;0,65965;2020-03-28;;;151596,0;False;3;city;BA
Barreiras;2903201;1;0,64334;2020-03-28;;;155439,0;False;7;city;BA
Brumado;2904605;1;1,48821;2020-03-28;;;67195,0;False;6;city;BA
Camaçari;2905701;1;0,3343;2020-03-28;;;299132,0;False;9;city;BA
Canarana;2906204;1;3,82029;2020-03-28;;;26176,0;False;4;city;BA
Conceição do Jacuípe;2908507;1;3,01632;2020-03-28;;;33153,0;False;7;city;BA
Conde;2908606;1;3,87042;2020-03-28;;;25837,0;False;5;city;BA
Feira de Santana;2910800;9;1,46372;2020-03-28;;;614872,0;False;21;city;BA
Ilhéus;2913606;2;1,23208;2020-03-28;;;162327,0;False;4;city;BA
Importados/Indefinidos;;0;;2020-03-28;;0,0;;False;5;city;BA
Ipiaú;2913903;0;;2020-03-28;;;45873,0;True;2;city;BA
Itabuna;2914802;2;0,93799;2020-03-28;;;213223,0;False;10;city;BA
Itagibá;2915205;1;6,85918;2020-03-28;;;14579,0;False;1;city;BA
Jequié;2918001;1;0,64117;2020-03-28;;;155966,0;False;6;city;BA
Juazeiro;2918407;2;0,92291;2020-03-28;;;216707,0;False;6;city;BA
Lauro de Freitas;2919207;7;3,52751;2020-03-28;;;198440,0;False;10;city;BA
Porto Seguro;2925303;10;6,72558;2020-03-28;;;148686,0;False;13;city;BA
Prado;2925501;3;10,64812;2020-03-28;;;28174,0;False;12;city;BA
Salvador;2927408;81;2,81999;2020-03-28;;;2872347,0;False;15;city;BA
São Domingos;2928950;1;11,03996;2020-03-28;;;9058,0;False;4;city;BA
Teixeira de Freitas;2931350;1;0,6231;2020-03-28;;;160487,0;False;5;city;BA
;29;127;0,85389;2020-03-28;;0,0;14873064,0;False;21;state;BA
Aquiraz;2301000;7;8,72046;2020-03-28;;;80271,0;False;12;city;CE
Caucaia;2303709;1;0,2767;2020-03-28;;;361400,0;False;1;city;CE
Fortaleza;2304400;304;11,38857;2020-03-28;0,0132;4,0;2669342,0;False;12;city;CE
Fortim;2304459;1;6,06796;2020-03-28;;;16480,0;False;9;city;CE
Importados/Indefinidos;;0;;2020-03-28;;;;False;10;city;CE
Juazeiro do Norte;2307304;1;0,36469;2020-03-28;;;274207,0;False;9;city;CE
Maranguape;2307700;1;0,77533;2020-03-28;;;128978,0;False;2;city;CE
Mauriti;2308104;1;2,08498;2020-03-28;;;47962,0;False;5;city;CE
Quixadá;2311306;2;2,27977;2020-03-28;;;87728,0;False;1;city;CE
Sobral;2312908;4;1,91447;2020-03-28;;;208935,0;False;10;city;CE
;23;322;3,52603;2020-03-28;0,0124;4,0;9132078,0;False;13;state;CE
Brasília;5300108;260;8,62278;2020-03-28;;0,0;3015268,0;False;21;city;DF
;53;260;8,62278;2020-03-28;;0,0;3015268,0;False;21;state;DF
Águas Lindas de Goiás;5200258;1;0,47072;2020-03-28;;0,0;212440,0;False;1;city;GO
Anápolis;5201108;4;1,0338;2020-03-28;;0,0;386923,0;False;12;city;GO
Aparecida de Goiânia;5201405;2;0,34591;2020-03-28;;0,0;578179,0;False;10;city;GO
Catalão;5205109;1;0,91892;2020-03-28;;0,0;108823,0;False;7;city;GO
Goianésia;5208608;1;1,42686;2020-03-28;;0,0;70084,0;False;1;city;GO
Goiânia;5208707;33;2,17662;2020-03-28;;0,0;1516113,0;False;16;city;GO
Hidrolândia;5209705;1;4,60702;2020-03-28;;0,0;21706,0;False;2;city;GO
Importados/Indefinidos;;0;;2020-03-28;;0,0;;False;9;city;GO
Jataí;5211909;2;1,98251;2020-03-28;;0,0;100882,0;False;10;city;GO
Luziânia;5212501;1;0,48008;2020-03-28;1,0;1,0;208299,0;False;4;city;GO
Rio Verde;5218805;7;2,97054;2020-03-28;;0,0;235647,0;False;16;city;GO
Silvânia;5220603;1;4,83209;2020-03-28;;0,0;20695,0;False;4;city;GO
Valparaíso de Goiás;5221858;2;1,18717;2020-03-28;;0,0;168468,0;False;5;city;GO
;52;56;0,79791;2020-03-28;0,0179;1,0;7018354,0;False;17;state;GO
São Luís;2111300;15;1,3613;2020-03-28;;0,0;1101884,0;True;9;city;MA
;21;15;0,21201;2020-03-28;;0,0;7075181,0;True;9;state;MA
Belo Horizonte;3106200;129;5,13521;2020-03-28;;0,0;2512070,0;False;12;city;MG
Betim;3106705;4;0,91046;2020-03-28;;0,0;439340,0;False;6;city;MG
Boa Esperança;3107109;1;2,49209;2020-03-28;;0,0;40127,0;False;3;city;MG
Bom Despacho;3107406;1;1,97609;2020-03-28;;0,0;50605,0;False;6;city;MG
Campo Belo;3111200;1;1,85086;2020-03-28;;0,0;54029,0;False;2;city;MG
Campos Altos;3111507;1;6,46789;2020-03-28;;0,0;15461,0;False;6;city;MG
Carmo do Cajuru;3114204;1;4,44879;2020-03-28;;0,0;22478,0;False;2;city;MG
Contagem;3118601;4;0,60254;2020-03-28;;0,0;663855,0;False;6;city;MG
Coronel Fabriciano;3119401;1;0,91029;2020-03-28;;0,0;109855,0;False;11;city;MG
Divinópolis;3122306;5;2,09881;2020-03-28;;0,0;238230,0;False;19;city;MG
Governador Valadares;3127701;1;0,35729;2020-03-28;;0,0;279885,0;False;3;city;MG
Guimarânia;3128907;1;12,43936;2020-03-28;;0,0;8039,0;False;2;city;MG
Importados/Indefinidos;;3;;2020-03-28;;0,0;;False;7;city;MG
Ipatinga;3131307;1;0,37964;2020-03-28;;0,0;263410,0;False;15;city;MG
Juiz de Fora;3136702;11;1,93365;2020-03-28;;0,0;568873,0;False;13;city;MG
Lagoa da Prata;3137205;2;3,83399;2020-03-28;;0,0;52165,0;False;6;city;MG
Mariana;3140001;2;3,29359;2020-03-28;;0,0;60724,0;False;8;city;MG
Nova Lima;3144805;16;16,86181;2020-03-28;;0,0;94889,0;False;11;city;MG
Patrocínio;3148103;1;1,10184;2020-03-28;;0,0;90757,0;False;13;city;MG
Poços de Caldas;3151800;1;0,59738;2020-03-28;;0,0;167397,0;False;8;city;MG
Sabará;3156700;3;2,20032;2020-03-28;;0,0;136344,0;False;2;city;MG
São João del Rei;3162500;2;2,2202;2020-03-28;;0,0;90082,0;False;3;city;MG
Sete Lagoas;3167202;2;0,83459;2020-03-28;;0,0;239639,0;False;11;city;MG
Timóteo;3168705;1;1,11307;2020-03-28;;0,0;89842,0;False;6;city;MG
Uberaba;3170107;3;0,89879;2020-03-28;;0,0;333783,0;False;8;city;MG
Uberlândia;3170206;7;1,01258;2020-03-28;;0,0;691305,0;False;11;city;MG
;31;205;0,96841;2020-03-28;;0,0;21168791,0;False;20;state;MG
Batayporã;5002001;1;8,8269;2020-03-28;;0,0;11329,0;False;2;city;MS
Campo Grande;5002704;25;2,79023;2020-03-28;;0,0;895982,0;False;15;city;MS
Dourados;5003702;2;0,89707;2020-03-28;;0,0;222949,0;False;1;city;MS
Ponta Porã;5006606;1;1,08078;2020-03-28;;0,0;92526,0;False;8;city;MS
Rio Verde de Mato Grosso;5007406;1;5,06432;2020-03-28;;0,0;19746,0;False;2;city;MS
Sidrolândia;5007901;1;1,73415;2020-03-28;;0,0;57665,0;False;10;city;MS
;50;31;1,11551;2020-03-28;;0,0;2778986,0;False;15;state;MS
Ananindeua;1500800;4;0,75387;2020-03-28;;0,0;530598,0;False;4;city;PA
Belém;1501402;10;0,66991;2020-03-28;;0,0;1492745,0;False;11;city;PA
Castanhal;1502400;1;0,49803;2020-03-28;;0,0;200793,0;False;3;city;PA
Itaituba;1503606;1;0,98768;2020-03-28;;0,0;101247,0;False;3;city;PA
Marabá;1504208;1;0,35798;2020-03-28;;0,0;279349,0;False;6;city;PA
Parauapebas;1505536;1;0,48014;2020-03-28;;0,0;208273,0;False;1;city;PA
;15;18;0,20923;2020-03-28;;0,0;8602865,0;False;11;state;PA
Campina Grande;2504009;2;0,48813;2020-03-28;;;409731,0;False;2;city;PB
Igaracy;2502607;1;16,34788;2020-03-28;;;6117,0;False;6;city;PB
João Pessoa;2507507;10;1,23607;2020-03-28;;;809015,0;False;17;city;PB
Sousa;2516201;1;1,44001;2020-03-28;;;69444,0;False;2;city;PB
;25;14;0,34842;2020-03-28;;;4018127,0;False;17;state;PB
Belo Jardim;2601706;1;1,30823;2020-03-28;;;76439,0;False;10;city;PE
Camaragibe;2603454;1;0,6336;2020-03-28;;;157828,0;False;2;city;PE
Caruaru;2604106;1;0,27692;2020-03-28;;;361118,0;False;6;city;PE
Fernando de Noronha;2605459;1;32,66906;2020-03-28;;;3061,0;False;2;city;PE
Goiana;2606200;1;1,25379;2020-03-28;;;79758,0;False;2;city;PE
Importados/Indefinidos;;5;;2020-03-28;0,2;1,0;;False;12;city;PE
Jaboatão dos Guararapes;2607901;5;0,71195;2020-03-28;;;702298,0;False;10;city;PE
Olinda;2609600;4;1,01916;2020-03-28;;;392482,0;False;7;city;PE
Petrolina;2611101;2;0,57283;2020-03-28;;;349145,0;False;6;city;PE
Recife;2611606;46;2,79512;2020-03-28;0,087;4,0;1645727,0;False;14;city;PE
São Lourenço da Mata;2613701;1;0,88316;2020-03-28;;;113230,0;False;1;city;PE
;26;68;0,71152;2020-03-28;0,0735;5,0;9557071,0;False;17;state;PE
Parnaíba;2207702;1;0,65326;2020-03-28;;;153078,0;True;1;city;PI
São José do Divino;2210052;1;18,70557;2020-03-28;1,0;1,0;5346,0;True;2;city;PI
Teresina;2211001;9;1,04065;2020-03-28;;;864845,0;True;9;city;PI
;22;11;0,33606;2020-03-28;0,0909;1,0;3273227,0;True;9;state;PI
Campo Largo;4104204;2;1,51513;2020-03-28;;0,0;132002,0;False;12;city;PR
Campo Mourão;4104303;2;2,10839;2020-03-28;;0,0;94859,0;False;4;city;PR
Cascavel;4104808;7;2,1312;2020-03-28;;0,0;328454,0;False;6;city;PR
Cianorte;4105508;7;8,47252;2020-03-28;;0,0;82620,0;False;15;city;PR
Colombo;4105805;1;0,4103;2020-03-28;;0,0;243726,0;False;7;city;PR
Curitiba;4106902;74;3,82804;2020-03-28;;0,0;1933105,0;False;15;city;PR
Faxinal;4107603;1;5,79677;2020-03-28;;0,0;17251,0;False;4;city;PR
Foz do Iguaçu;4108304;7;2,7076;2020-03-28;;0,0;258532,0;False;11;city;PR
Guaíra;4108809;2;6,03883;2020-03-28;;0,0;33119,0;False;9;city;PR
Guarapuava;4109401;1;0,55095;2020-03-28;;0,0;181504,0;False;2;city;PR
Importados/Indefinidos;;4;;2020-03-28;;0,0;;False;7;city;PR
Iretama;4110805;1;9,83381;2020-03-28;;0,0;10169,0;False;2;city;PR
Londrina;4113700;5;0,8776;2020-03-28;;0,0;569733,0;False;12;city;PR
Maringá;4115200;7;1,65224;2020-03-28;0,2857;2,0;423666,0;False;11;city;PR
Mariópolis;4115309;1;15,12859;2020-03-28;;0,0;6610,0;False;1;city;PR
Paranavaí;4118402;2;2,26311;2020-03-28;;0,0;88374,0;False;5;city;PR
Pato Branco;4118501;2;2,4131;2020-03-28;;0,0;82881,0;False;8;city;PR
Pinhais;4119152;3;2,27003;2020-03-28;;0,0;132157,0;False;8;city;PR
Ponta Grossa;4119905;3;0,85291;2020-03-28;;0,0;351736,0;False;8;city;PR
Quatiguá;4120705;1;13,42462;2020-03-28;;0,0;7449,0;False;1;city;PR
Rio Negro;4122305;1;2,92654;2020-03-28;;0,0;34170,0;False;2;city;PR
Telêmaco Borba;4127106;1;1,26624;2020-03-28;;0,0;78974,0;False;5;city;PR
Umuarama;4128104;1;0,8964;2020-03-28;;0,0;111557,0;False;8;city;PR
União da Vitória;4128203;1;1,73862;2020-03-28;;0,0;57517,0;False;2;city;PR
;41;137;1,19819;2020-03-28;0,0146;2,0;11433957,0;False;15;state;PR
Barra Mansa;3300407;1;0,54226;2020-03-28;;0,0;184412,0;True;16;city;RJ
Belford Roxo;3300456;1;0,19573;2020-03-28;;0,0;510906,0;True;3;city;RJ
Campos dos Goytacazes;3301009;1;0,19703;2020-03-28;;0,0;507548,0;True;5;city;RJ
Duque de Caxias;3301702;3;0,32623;2020-03-28;;0,0;919596,0;True;5;city;RJ
Guapimirim;3301850;1;1,65243;2020-03-28;;0,0;60517,0;True;10;city;RJ
Importados/Indefinidos;;0;;2020-03-28;;0,0;;True;8;city;RJ
Itaboraí;3301900;2;0,83128;2020-03-28;;0,0;240592,0;True;2;city;RJ
Mangaratiba;3302601;1;2,24881;2020-03-28;;0,0;44468,0;True;1;city;RJ
Miguel Pereira;3302908;1;3,91573;2020-03-28;1,0;1,0;25538,0;True;9;city;RJ
Niterói;3303302;37;7,20427;2020-03-28;0,027;1,0;513584,0;True;13;city;RJ
Nova Iguaçu;3303500;1;0,12178;2020-03-28;;0,0;821128,0;True;1;city;RJ
Petrópolis;3303906;3;0,97978;2020-03-28;0,3333;1,0;306191,0;True;8;city;RJ
Resende;3304201;1;0,76138;2020-03-28;;0,0;131341,0;True;4;city;RJ
Rio de Janeiro;3304557;489;7,27797;2020-03-28;0,0184;9,0;6718903,0;True;15;city;RJ
São Gonçalo;3304904;4;0,36872;2020-03-28;;0,0;1084839,0;True;6;city;RJ
Valença;3306107;1;1,3068;2020-03-28;;0,0;76523,0;True;4;city;RJ
Volta Redonda;3306305;11;4,02913;2020-03-28;0,0909;1,0;273012,0;True;5;city;RJ
;33;558;3,23198;2020-03-28;0,0233;13,0;17264943,0;True;16;state;RJ
Açu;2400208;1;1,72363;2020-03-28;;0,0;58017,0;False;1;city;RN
Caicó;2402006;1;1,47163;2020-03-28;;0,0;67952,0;False;1;city;RN
Importados/Indefinidos;;1;;2020-03-28;;0,0;;False;1;city;RN
Macaíba;2407104;1;1,23775;2020-03-28;;0,0;80792,0;False;1;city;RN
Monte Alegre;2407807;1;4,45414;2020-03-28;;0,0;22451,0;False;1;city;RN
Mossoró;2408003;16;5,38036;2020-03-28;0,0625;1,0;297378,0;False;7;city;RN
Natal;2408102;34;3,84562;2020-03-28;;0,0;884122,0;False;12;city;RN
Parnamirim;2403251;9;3,44209;2020-03-28;;0,0;261469,0;False;8;city;RN
Passa e Fica;2409100;1;7,53182;2020-03-28;;0,0;13277,0;False;1;city;RN
São Gonçalo do Amarante;2412005;1;0,97656;2020-03-28;;0,0;102400,0;False;1;city;RN
São José de Mipibu;2412203;1;2,27796;2020-03-28;;0,0;43899,0;False;1;city;RN
Tibau;2411056;1;24,3546;2020-03-28;;0,0;4106,0;False;1;city;RN
;24;68;1,93906;2020-03-28;0,0147;1,0;3506853,0;False;12;state;RN
Ji-Paraná;1100122;1;0,77538;2020-03-28;;0,0;128969,0;False;8;city;RO
Porto Velho;1100205;5;0,94421;2020-03-28;;0,0;529544,0;False;7;city;RO
;11;6;0,3376;2020-03-28;;0,0;1777225,0;False;8;state;RO
Boa Vista;1400100;13;3,25641;2020-03-28;;0,0;399213,0;False;8;city;RR
Bonfim;1400159;3;24,176;2020-03-28;;0,0;12409,0;False;5;city;RR
;14;16;2,64131;2020-03-28;;0,0;605761,0;False;8;state;RR
Alvorada;4300604;2;0,951;2020-03-28;;0,0;210305,0;True;10;city;RS
Anta Gorda;4300703;2;33,43922;2020-03-28;;0,0;5981,0;True;5;city;RS
Bagé;4301602;9;7,42924;2020-03-28;;0,0;121143,0;True;10;city;RS
Bento Gonçalves;4302105;2;1,66038;2020-03-28;;0,0;120454,0;True;9;city;RS
Cachoeira do Sul;4303004;1;1,21653;2020-03-28;;0,0;82201,0;True;2;city;RS
Campo Bom;4303905;2;2,99796;2020-03-28;;0,0;66712,0;True;16;city;RS
Canguçu;4304507;1;1,78428;2020-03-28;;0,0;56045,0;True;1;city;RS
Canoas;4304606;7;2,01953;2020-03-28;;0,0;346616,0;True;8;city;RS
Capão da Canoa;4304630;2;3,7701;2020-03-28;;0,0;53049,0;True;6;city;RS
Carlos Barbosa;4304804;1;3,35199;2020-03-28;;0,0;29833,0;True;8;city;RS
Caxias do Sul;4305108;6;1,17438;2020-03-28;;0,0;510906,0;True;14;city;RS
Cerro Grande do Sul;4305173;1;8,1706;2020-03-28;;0,0;12239,0;True;4;city;RS
Charqueadas;4305355;1;2,45164;2020-03-28;;0,0;40789,0;True;8;city;RS
Cruzeiro do Sul;4306205;1;8,09848;2020-03-28;;0,0;12348,0;True;6;city;RS
Dois Irmãos;4306403;1;3,06082;2020-03-28;;0,0;32671,0;True;8;city;RS
Dom Pedrito;4306601;1;2,60004;2020-03-28;;0,0;38461,0;True;4;city;RS
Eldorado do Sul;4306767;1;2,42219;2020-03-28;;0,0;41285,0;True;8;city;RS
Erechim;4307005;3;2,83388;2020-03-28;;0,0;105862,0;True;10;city;RS
Estância Velha;4307609;2;3,99824;2020-03-28;;0,0;50022,0;True;7;city;RS
Estrela;4307807;1;2,93118;2020-03-28;;0,0;34116,0;True;8;city;RS
Farroupilha;4307906;1;1,38253;2020-03-28;;0,0;72331,0;True;10;city;RS
Garibaldi;4308607;1;2,85144;2020-03-28;;0,0;35070,0;True;5;city;RS
Gravataí;4309209;1;0,35522;2020-03-28;;0,0;281519,0;True;4;city;RS
Ivoti;4310801;3;12,34924;2020-03-28;;0,0;24293,0;True;9;city;RS
Lajeado;4311403;5;5,95139;2020-03-28;;0,0;84014,0;True;8;city;RS
Marau;4311809;1;2,26444;2020-03-28;;0,0;44161,0;True;3;city;RS
Nova Palma;4313102;1;15,35627;2020-03-28;;0,0;6512,0;True;3;city;RS
Osório;4313508;1;2,1742;2020-03-28;;0,0;45994,0;True;6;city;RS
Paraí;4314001;1;13,05995;2020-03-28;;0,0;7657,0;True;5;city;RS
Passo Fundo;4314100;1;0,49194;2020-03-28;;0,0;203275,0;True;3;city;RS
Pelotas;4314407;2;0,5841;2020-03-28;;0,0;342405,0;True;4;city;RS
Piratini;4314605;1;4,83957;2020-03-28;;0,0;20663,0;True;3;city;RS
Porto Alegre;4314902;107;7,21136;2020-03-28;0,0187;2,0;1483771,0;True;15;city;RS
Rio Grande;4315602;2;0,94784;2020-03-28;;0,0;211005,0;True;6;city;RS
Rolante;4316006;1;4,68406;2020-03-28;;0,0;21349,0;True;3;city;RS
Santa Maria;4316907;2;0,70891;2020-03-28;;0,0;282123,0;True;7;city;RS
Sant'Ana do Livramento;4317103;4;5,19298;2020-03-28;;0,0;77027,0;True;9;city;RS
Santa Rosa;4317202;1;1,36511;2020-03-28;;0,0;73254,0;True;2;city;RS
Santiago;4317400;1;2,02327;2020-03-28;;0,0;49425,0;True;6;city;RS
Santo Antônio da Patrulha;4317608;1;2,33133;2020-03-28;;0,0;42894,0;True;7;city;RS
São Leopoldo;4318705;3;1,2667;2020-03-28;;0,0;236835,0;True;8;city;RS
Sapiranga;4319901;1;1,22348;2020-03-28;;0,0;81734,0;True;11;city;RS
Serafina Corrêa;4320404;3;17,1409;2020-03-28;;0,0;17502,0;True;8;city;RS
Taquara;4321204;1;1,74016;2020-03-28;;0,0;57466,0;True;10;city;RS
Torres;4321501;6;15,49107;2020-03-28;;0,0;38732,0;True;8;city;RS
Viamão;4323002;1;0,39181;2020-03-28;;0,0;255224,0;True;6;city;RS
;43;200;1,7579;2020-03-28;0,01;2,0;11377239,0;True;16;state;RS
Antônio Carlos;4201208;1;11,74674;2020-03-28;;0,0;8513,0;False;2;city;SC
Balneário Arroio do Silva;4201950;1;7,65052;2020-03-28;;0,0;13071,0;False;4;city;SC
Balneário Camboriú;4202008;9;6,32489;2020-03-28;;0,0;142295,0;False;11;city;SC
Blumenau;4202404;12;3,35947;2020-03-28;;0,0;357199,0;False;7;city;SC
Braço do Norte;4202800;12;35,87444;2020-03-28;;0,0;33450,0;False;14;city;SC
Brusque;4202909;2;1,48453;2020-03-28;;0,0;134723,0;False;1;city;SC
Camboriú;4203204;7;8,43485;2020-03-28;;0,0;82989,0;False;4;city;SC
Canelinha;4203709;1;8,16993;2020-03-28;;0,0;12240,0;False;4;city;SC
Chapecó;4204202;5;2,26894;2020-03-28;;0,0;220367,0;False;9;city;SC
Criciúma;4204608;13;6,04129;2020-03-28;;0,0;215186,0;False;9;city;SC
Florianópolis;4205407;30;5,98835;2020-03-28;;0,0;500973,0;False;17;city;SC
Gaspar;4205902;2;2,87195;2020-03-28;;0,0;69639,0;False;6;city;SC
Gravatal;4206207;3;26,08469;2020-03-28;;0,0;11501,0;False;8;city;SC
Içara;4207007;1;1,77239;2020-03-28;;0,0;56421,0;False;6;city;SC
Imbituba;4207304;5;11,14753;2020-03-28;;0,0;44853,0;False;9;city;SC
Importados/Indefinidos;;8;;2020-03-28;;0,0;;False;4;city;SC
Itajaí;4208203;18;8,19911;2020-03-28;;0,0;219536,0;False;8;city;SC
Itapema;4208302;1;1,53111;2020-03-28;;0,0;65312,0;False;3;city;SC
Jaguaruna;4208807;2;9,98801;2020-03-28;;0,0;20024,0;False;8;city;SC
Jaraguá do Sul;4208906;2;1,12551;2020-03-28;;0,0;177697,0;False;9;city;SC
Joinville;4209102;9;1,52422;2020-03-28;;0,0;590466,0;False;16;city;SC
Lages;4209300;1;0,63474;2020-03-28;;0,0;157544,0;False;7;city;SC
Laguna;4209409;1;2,18274;2020-03-28;;0,0;45814,0;False;5;city;SC
Navegantes;4211306;3;3,68211;2020-03-28;;0,0;81475,0;False;9;city;SC
Papanduva;4212205;2;10,35197;2020-03-28;;0,0;19320,0;False;1;city;SC
Pomerode;4213203;1;2,9898;2020-03-28;;0,0;33447,0;False;9;city;SC
Porto Belo;4213500;4;18,70208;2020-03-28;;0,0;21388,0;False;6;city;SC
Rancho Queimado;4214300;2;69,4927;2020-03-28;;0,0;2878,0;False;15;city;SC
São Francisco do Sul;4216206;1;1,89678;2020-03-28;;0,0;52721,0;False;1;city;SC
São José;4216602;9;3,64984;2020-03-28;0,1111;1,0;246586,0;False;10;city;SC
São Lourenço do Oeste;4216909;1;4,15351;2020-03-28;;0,0;24076,0;False;2;city;SC
São Ludgero;4217006;1;7,45712;2020-03-28;;0,0;13410,0;False;4;city;SC
São Pedro de Alcântara;4217253;1;17,17328;2020-03-28;;0,0;5823,0;False;4;city;SC
Siderópolis;4217600;2;14,27857;2020-03-28;;0,0;14007,0;False;3;city;SC
Tijucas;4218004;1;2,60369;2020-03-28;;0,0;38407,0;False;5;city;SC
Timbé do Sul;4218103;1;18,69858;2020-03-28;;0,0;5348,0;False;3;city;SC
Tubarão;4218707;8;7,56959;2020-03-28;;0,0;105686,0;False;11;city;SC
Urussanga;4219002;1;4,7019;2020-03-28;;0,0;21268,0;False;1;city;SC
;42;184;2,56812;2020-03-28;0,0054;1,0;7164788,0;False;17;state;SC
;35;1406;3,06191;2020-03-28;0,0597;84,0;45919049,0;False;30;state;SP
Araguaína;1702109;1;0,55411;2020-03-28;;0,0;180470,0;False;2;city;TO
Palmas;1721000;8;2,67445;2020-03-28;;0,0;299127,0;False;10;city;TO
;17;9;0,5722;2020-03-28;;0,0;1572866,0;False;9;state;TO
Rio Branco;1200401;25;6,1377;2020-03-27;;0,0;407319,0;False;11;city;AC
;12;25;2,83468;2020-03-27;;0,0;881935,0;False;11;state;AC
Maceió;2704302;11;1,07954;2020-03-27;;0,0;1018948,0;False;17;city;AL
Porto Real do Colégio;2707503;1;4,98355;2020-03-27;;0,0;20066,0;False;3;city;AL
;27;12;0,35957;2020-03-27;;0,0;3337357,0;False;17;state;AL
Boca do Acre;1300706;1;2,91477;2020-03-27;;;34308,0;False;2;city;AM
Manacapuru;1302504;2;2,05387;2020-03-27;;;97377,0;False;1;city;AM
Manaus;1302603;75;3,43601;2020-03-27;;;2182763,0;False;11;city;AM
Parintins;1303403;2;1,75019;2020-03-27;0,5;1,0;114273,0;False;5;city;AM
Santo Antônio do Içá;1303700;1;4,6292;2020-03-27;;;21602,0;False;2;city;AM
;13;81;1,95435;2020-03-27;0,0123;1,0;4144597,0;False;11;state;AM
Macapá;1600303;3;0,59603;2020-03-27;;0,0;503327,0;False;8;city;AP
;16;3;0,35472;2020-03-27;;0,0;845731,0;False;8;state;AP
Alagoinhas;2900702;1;0,65965;2020-03-27;;0,0;151596,0;False;2;city;BA
Barreiras;2903201;1;0,64334;2020-03-27;;0,0;155439,0;False;6;city;BA
Brumado;2904605;1;1,48821;2020-03-27;;0,0;67195,0;False;5;city;BA
Camaçari;2905701;1;0,3343;2020-03-27;;0,0;299132,0;False;8;city;BA
Canarana;2906204;1;3,82029;2020-03-27;;0,0;26176,0;False;3;city;BA
Conceição do Jacuípe;2908507;1;3,01632;2020-03-27;;0,0;33153,0;False;6;city;BA
Conde;2908606;1;3,87042;2020-03-27;;0,0;25837,0;False;4;city;BA
Feira de Santana;2910800;9;1,46372;2020-03-27;;0,0;614872,0;False;20;city;BA
Ilhéus;2913606;2;1,23208;2020-03-27;;0,0;162327,0;False;3;city;BA
Importados/Indefinidos;;0;;2020-03-27;;0,0;;False;4;city;BA
Ipiaú;2913903;1;2,17993;2020-03-27;;0,0;45873,0;False;1;city;BA
Itabuna;2914802;2;0,93799;2020-03-27;;0,0;213223,0;False;9;city;BA
Jequié;2918001;1;0,64117;2020-03-27;;0,0;155966,0;False;5;city;BA
Juazeiro;2918407;2;0,92291;2020-03-27;;0,0;216707,0;False;5;city;BA
Lauro de Freitas;2919207;7;3,52751;2020-03-27;;0,0;198440,0;False;9;city;BA
Porto Seguro;2925303;10;6,72558;2020-03-27;;0,0;148686,0;False;12;city;BA
Prado;2925501;2;7,09874;2020-03-27;;0,0;28174,0;False;11;city;BA
Salvador;2927408;78;2,71555;2020-03-27;;0,0;2872347,0;False;14;city;BA
São Domingos;2928950;1;11,03996;2020-03-27;;0,0;9058,0;False;3;city;BA
Teixeira de Freitas;2931350;1;0,6231;2020-03-27;;0,0;160487,0;False;4;city;BA
;29;123;0,827;2020-03-27;;0,0;14873064,0;False;20;state;BA
Aquiraz;2301000;6;7,47468;2020-03-27;;0,0;80271,0;False;11;city;CE
Fortaleza;2304400;268;10,03993;2020-03-27;0,0112;3,0;2669342,0;False;11;city;CE
Fortim;2304459;1;6,06796;2020-03-27;;0,0;16480,0;False;8;city;CE
Importados/Indefinidos;;0;;2020-03-27;;0,0;;False;9;city;CE
Juazeiro do Norte;2307304;1;0,36469;2020-03-27;;0,0;274207,0;False;8;city;CE
Maranguape;2307700;1;0,77533;2020-03-27;;0,0;128978,0;False;1;city;CE
Mauriti;2308104;1;2,08498;2020-03-27;;0,0;47962,0;False;4;city;CE
Sobral;2312908;4;1,91447;2020-03-27;;0,0;208935,0;False;9;city;CE
;23;282;3,08802;2020-03-27;0,0106;3,0;9132078,0;False;12;state;CE
Brasília;5300108;241;7,99266;2020-03-27;;0,0;3015268,0;False;20;city;DF
;53;241;7,99266;2020-03-27;;0,0;3015268,0;False;20;state;DF
Cachoeiro de Itapemirim;3201209;1;0,47853;2020-03-27;;0,0;208972,0;True;8;city;ES
Cariacica;3201308;1;0,26227;2020-03-27;;0,0;381285,0;True;8;city;ES
Castelo;3201407;1;2,66425;2020-03-27;;0,0;37534,0;True;2;city;ES
Importados/Indefinidos;;1;;2020-03-27;;0,0;;True;4;city;ES
Linhares;3203205;4;2,30474;2020-03-27;;0,0;173555,0;True;9;city;ES
Santa Teresa;3204609;1;4,23908;2020-03-27;;0,0;23590,0;True;5;city;ES
São Roque do Canaã;3204955;1;8,05477;2020-03-27;;0,0;12415,0;True;1;city;ES
Serra;3205002;5;0,96616;2020-03-27;;0,0;517510,0;True;5;city;ES
Vila Velha;3205200;21;4,25241;2020-03-27;;0,0;493838,0;True;9;city;ES
Vitória;3205309;18;4,97104;2020-03-27;;0,0;362097,0;True;9;city;ES
;32;54;1,34373;2020-03-27;;0,0;4018650,0;True;23;state;ES
Anápolis;5201108;3;0,77535;2020-03-27;;0,0;386923,0;False;11;city;GO
Aparecida de Goiânia;5201405;2;0,34591;2020-03-27;;0,0;578179,0;False;9;city;GO
Catalão;5205109;1;0,91892;2020-03-27;;0,0;108823,0;False;6;city;GO
Goiânia;5208707;26;1,71491;2020-03-27;;0,0;1516113,0;False;15;city;GO
Hidrolândia;5209705;1;4,60702;2020-03-27;;0,0;21706,0;False;1;city;GO
Importados/Indefinidos;;5;;2020-03-27;;0,0;;False;8;city;GO
Jataí;5211909;1;0,99126;2020-03-27;;0,0;100882,0;False;9;city;GO
Luziânia;5212501;1;0,48008;2020-03-27;1,0;1,0;208299,0;False;3;city;GO
Rio Verde;5218805;6;2,54618;2020-03-27;;0,0;235647,0;False;15;city;GO
Silvânia;5220603;1;4,83209;2020-03-27;;0,0;20695,0;False;3;city;GO
Valparaíso de Goiás;5221858;2;1,18717;2020-03-27;;0,0;168468,0;False;4;city;GO
;52;49;0,69817;2020-03-27;0,0204;1,0;7018354,0;False;16;state;GO
São Luís;2111300;13;1,1798;2020-03-27;;0,0;1101884,0;False;8;city;MA
;21;13;0,18374;2020-03-27;;0,0;7075181,0;False;8;state;MA
Belo Horizonte;3106200;118;4,69732;2020-03-27;;0,0;2512070,0;False;11;city;MG
Betim;3106705;4;0,91046;2020-03-27;;0,0;439340,0;False;5;city;MG
Boa Esperança;3107109;1;2,49209;2020-03-27;;0,0;40127,0;False;2;city;MG
Bom Despacho;3107406;1;1,97609;2020-03-27;;0,0;50605,0;False;5;city;MG
Campo Belo;3111200;1;1,85086;2020-03-27;;0,0;54029,0;False;1;city;MG
Campos Altos;3111507;1;6,46789;2020-03-27;;0,0;15461,0;False;5;city;MG
Carmo do Cajuru;3114204;1;4,44879;2020-03-27;;0,0;22478,0;False;1;city;MG
Contagem;3118601;3;0,45191;2020-03-27;;0,0;663855,0;False;5;city;MG
Coronel Fabriciano;3119401;1;0,91029;2020-03-27;;0,0;109855,0;False;10;city;MG
Divinópolis;3122306;5;2,09881;2020-03-27;;0,0;238230,0;False;18;city;MG
Governador Valadares;3127701;1;0,35729;2020-03-27;;0,0;279885,0;False;2;city;MG
Guimarânia;3128907;1;12,43936;2020-03-27;;0,0;8039,0;False;1;city;MG
Importados/Indefinidos;;5;;2020-03-27;;0,0;;False;6;city;MG
Ipatinga;3131307;1;0,37964;2020-03-27;;0,0;263410,0;False;14;city;MG
Juiz de Fora;3136702;11;1,93365;2020-03-27;;0,0;568873,0;False;12;city;MG
Lagoa da Prata;3137205;2;3,83399;2020-03-27;;0,0;52165,0;False;5;city;MG
Mariana;3140001;2;3,29359;2020-03-27;;0,0;60724,0;False;7;city;MG
Nova Lima;3144805;13;13,70022;2020-03-27;;0,0;94889,0;False;10;city;MG
Patrocínio;3148103;1;1,10184;2020-03-27;;0,0;90757,0;False;12;city;MG
Poços de Caldas;3151800;1;0,59738;2020-03-27;;0,0;167397,0;False;7;city;MG
Sabará;3156700;1;0,73344;2020-03-27;;0,0;136344,0;False;1;city;MG
São João del Rei;3162500;1;1,1101;2020-03-27;;0,0;90082,0;False;2;city;MG
Sete Lagoas;3167202;2;0,83459;2020-03-27;;0,0;239639,0;False;10;city;MG
Timóteo;3168705;1;1,11307;2020-03-27;;0,0;89842,0;False;5;city;MG
Uberaba;3170107;3;0,89879;2020-03-27;;0,0;333783,0;False;7;city;MG
Uberlândia;3170206;7;1,01258;2020-03-27;;0,0;691305,0;False;10;city;MG
;31;189;0,89282;2020-03-27;;0,0;21168791,0;False;19;state;MG
Batayporã;5002001;1;8,8269;2020-03-27;;0,0;11329,0;False;1;city;MS
Campo Grande;5002704;24;2,67863;2020-03-27;;0,0;895982,0;False;14;city;MS
Ponta Porã;5006606;1;1,08078;2020-03-27;;0,0;92526,0;False;7;city;MS
Rio Verde de Mato Grosso;5007406;1;5,06432;2020-03-27;;0,0;19746,0;False;1;city;MS
Sidrolândia;5007901;1;1,73415;2020-03-27;;0,0;57665,0;False;9;city;MS
;50;28;1,00756;2020-03-27;;0,0;2778986,0;False;14;state;MS
Cuiabá;5103403;8;1,30602;2020-03-27;;0,0;612547,0;True;6;city;MT
Nova Monte Verde;5108956;1;10,89562;2020-03-27;;0,0;9178,0;True;4;city;MT
Várzea Grande;5108402;2;0,70183;2020-03-27;;0,0;284971,0;True;5;city;MT
;51;11;0,31569;2020-03-27;;0,0;3484466,0;True;7;state;MT
Ananindeua;1500800;4;0,75387;2020-03-27;;0,0;530598,0;False;3;city;PA
Belém;1501402;9;0,60292;2020-03-27;;0,0;1492745,0;False;10;city;PA
Castanhal;1502400;1;0,49803;2020-03-27;;0,0;200793,0;False;2;city;PA
Itaituba;1503606;1;0,98768;2020-03-27;;0,0;101247,0;False;2;city;PA
Marabá;1504208;1;0,35798;2020-03-27;;0,0;279349,0;False;5;city;PA
;15;16;0,18598;2020-03-27;;0,0;8602865,0;False;10;state;PA
Campina Grande;2504009;1;0,24406;2020-03-27;;;409731,0;False;1;city;PB
Igaracy;2502607;1;16,34788;2020-03-27;;;6117,0;False;5;city;PB
João Pessoa;2507507;7;0,86525;2020-03-27;;0,0;809015,0;False;16;city;PB
Sousa;2516201;1;1,44001;2020-03-27;;;69444,0;False;1;city;PB
;25;10;0,24887;2020-03-27;;0,0;4018127,0;False;16;state;PB
Belo Jardim;2601706;1;1,30823;2020-03-27;;;76439,0;False;9;city;PE
Camaragibe;2603454;1;0,6336;2020-03-27;;;157828,0;False;1;city;PE
Caruaru;2604106;1;0,27692;2020-03-27;;;361118,0;False;5;city;PE
Fernando de Noronha;2605459;1;32,66906;2020-03-27;;;3061,0;False;1;city;PE
Goiana;2606200;1;1,25379;2020-03-27;;;79758,0;False;1;city;PE
Importados/Indefinidos;;5;;2020-03-27;0,2;1,0;;False;11;city;PE
Jaboatão dos Guararapes;2607901;4;0,56956;2020-03-27;;;702298,0;False;9;city;PE
Olinda;2609600;3;0,76437;2020-03-27;;;392482,0;False;6;city;PE
Petrolina;2611101;2;0,57283;2020-03-27;;;349145,0;False;5;city;PE
Recife;2611606;38;2,30901;2020-03-27;0,0789;3,0;1645727,0;False;13;city;PE
;26;57;0,59642;2020-03-27;0,0702;4,0;9557071,0;False;16;state;PE
São José do Divino;2210052;1;18,70557;2020-03-27;1,0;1,0;5346,0;False;1;city;PI
Teresina;2211001;9;1,04065;2020-03-27;;0,0;864845,0;False;8;city;PI
;22;10;0,30551;2020-03-27;0,1;1,0;3273227,0;False;8;state;PI
Campo Largo;4104204;1;0,75756;2020-03-27;;0,0;132002,0;False;11;city;PR
Campo Mourão;4104303;2;2,10839;2020-03-27;;0,0;94859,0;False;3;city;PR
Cascavel;4104808;5;1,52228;2020-03-27;;0,0;328454,0;False;5;city;PR
Cianorte;4105508;7;8,47252;2020-03-27;;0,0;82620,0;False;14;city;PR
Colombo;4105805;2;0,82059;2020-03-27;;0,0;243726,0;False;6;city;PR
Curitiba;4106902;71;3,67285;2020-03-27;;0,0;1933105,0;False;14;city;PR
Faxinal;4107603;1;5,79677;2020-03-27;;0,0;17251,0;False;3;city;PR
Foz do Iguaçu;4108304;5;1,934;2020-03-27;;0,0;258532,0;False;10;city;PR
Guaíra;4108809;2;6,03883;2020-03-27;;0,0;33119,0;False;8;city;PR
Guarapuava;4109401;1;0,55095;2020-03-27;;0,0;181504,0;False;1;city;PR
Importados/Indefinidos;;4;;2020-03-27;;0,0;;False;6;city;PR
Iretama;4110805;1;9,83381;2020-03-27;;0,0;10169,0;False;1;city;PR
Londrina;4113700;3;0,52656;2020-03-27;;0,0;569733,0;False;11;city;PR
Maringá;4115200;7;1,65224;2020-03-27;0,2857;2,0;423666,0;False;10;city;PR
Paranavaí;4118402;1;1,13155;2020-03-27;;0,0;88374,0;False;4;city;PR
Pato Branco;4118501;2;2,4131;2020-03-27;;0,0;82881,0;False;7;city;PR
Pinhais;4119152;3;2,27003;2020-03-27;;0,0;132157,0;False;7;city;PR
Ponta Grossa;4119905;3;0,85291;2020-03-27;;0,0;351736,0;False;7;city;PR
Rio Negro;4122305;1;2,92654;2020-03-27;;0,0;34170,0;False;1;city;PR
Telêmaco Borba;4127106;1;1,26624;2020-03-27;;0,0;78974,0;False;4;city;PR
Umuarama;4128104;1;0,8964;2020-03-27;;0,0;111557,0;False;7;city;PR
União da Vitória;4128203;1;1,73862;2020-03-27;;0,0;57517,0;False;1;city;PR
;41;125;1,09323;2020-03-27;0,016;2,0;11433957,0;False;14;state;PR
Barra Mansa;3300407;1;0,54226;2020-03-27;;0,0;184412,0;False;15;city;RJ
Belford Roxo;3300456;1;0,19573;2020-03-27;;0,0;510906,0;False;2;city;RJ
Campos dos Goytacazes;3301009;1;0,19703;2020-03-27;;0,0;507548,0;False;4;city;RJ
Duque de Caxias;3301702;3;0,32623;2020-03-27;;0,0;919596,0;False;4;city;RJ
Guapimirim;3301850;1;1,65243;2020-03-27;;0,0;60517,0;False;9;city;RJ
Importados/Indefinidos;;0;;2020-03-27;;0,0;;False;7;city;RJ
Itaboraí;3301900;1;0,41564;2020-03-27;;0,0;240592,0;False;1;city;RJ
Miguel Pereira;3302908;1;3,91573;2020-03-27;1,0;1,0;25538,0;False;8;city;RJ
Niterói;3303302;36;7,00956;2020-03-27;0,0278;1,0;513584,0;False;12;city;RJ
Petrópolis;3303906;3;0,97978;2020-03-27;0,3333;1,0;306191,0;False;7;city;RJ
Resende;3304201;0;;2020-03-27;;0,0;131341,0;False;3;city;RJ
Rio de Janeiro;3304557;431;6,41474;2020-03-27;0,0139;6,0;6718903,0;False;14;city;RJ
São Gonçalo;3304904;4;0,36872;2020-03-27;;0,0;1084839,0;False;5;city;RJ
Valença;3306107;1;1,3068;2020-03-27;;0,0;76523,0;False;3;city;RJ
Volta Redonda;3306305;9;3,29656;2020-03-27;0,1111;1,0;273012,0;False;4;city;RJ
;33;493;2,8555;2020-03-27;0,0203;10,0;17264943,0;False;15;state;RJ
Mossoró;2408003;5;1,68136;2020-03-27;;0,0;297378,0;False;6;city;RN
Natal;2408102;19;2,14902;2020-03-27;;0,0;884122,0;False;11;city;RN
Parnamirim;2403251;4;1,52982;2020-03-27;;0,0;261469,0;False;7;city;RN
;24;28;0,79844;2020-03-27;;0,0;3506853,0;False;11;state;RN
Ji-Paraná;1100122;1;0,77538;2020-03-27;;0,0;128969,0;False;7;city;RO
Porto Velho;1100205;5;0,94421;2020-03-27;;0,0;529544,0;False;6;city;RO
;11;6;0,3376;2020-03-27;;0,0;1777225,0;False;7;state;RO
Boa Vista;1400100;9;2,25444;2020-03-27;;0,0;399213,0;False;7;city;RR
Bonfim;1400159;3;24,176;2020-03-27;;0,0;12409,0;False;4;city;RR
;14;12;1,98098;2020-03-27;;0,0;605761,0;False;7;state;RR
Alvorada;4300604;2;0,951;2020-03-27;;0,0;210305,0;False;9;city;RS
Anta Gorda;4300703;2;33,43922;2020-03-27;;0,0;5981,0;False;4;city;RS
Bagé;4301602;9;7,42924;2020-03-27;;0,0;121143,0;False;9;city;RS
Bento Gonçalves;4302105;2;1,66038;2020-03-27;;0,0;120454,0;False;8;city;RS
Cachoeira do Sul;4303004;1;1,21653;2020-03-27;;0,0;82201,0;False;1;city;RS
Campo Bom;4303905;2;2,99796;2020-03-27;;0,0;66712,0;False;15;city;RS
Canoas;4304606;7;2,01953;2020-03-27;;0,0;346616,0;False;7;city;RS
Capão da Canoa;4304630;2;3,7701;2020-03-27;;0,0;53049,0;False;5;city;RS
Carlos Barbosa;4304804;1;3,35199;2020-03-27;;0,0;29833,0;False;7;city;RS
Caxias do Sul;4305108;6;1,17438;2020-03-27;;0,0;510906,0;False;13;city;RS
Cerro Grande do Sul;4305173;1;8,1706;2020-03-27;;0,0;12239,0;False;3;city;RS
Charqueadas;4305355;1;2,45164;2020-03-27;;0,0;40789,0;False;7;city;RS
Cruzeiro do Sul;4306205;1;8,09848;2020-03-27;;0,0;12348,0;False;5;city;RS
Dois Irmãos;4306403;1;3,06082;2020-03-27;;0,0;32671,0;False;7;city;RS
Dom Pedrito;4306601;1;2,60004;2020-03-27;;0,0;38461,0;False;3;city;RS
Eldorado do Sul;4306767;1;2,42219;2020-03-27;;0,0;41285,0;False;7;city;RS
Erechim;4307005;3;2,83388;2020-03-27;;0,0;105862,0;False;9;city;RS
Estância Velha;4307609;2;3,99824;2020-03-27;;0,0;50022,0;False;6;city;RS
Estrela;4307807;1;2,93118;2020-03-27;;0,0;34116,0;False;7;city;RS
Farroupilha;4307906;1;1,38253;2020-03-27;;0,0;72331,0;False;9;city;RS
Garibaldi;4308607;1;2,85144;2020-03-27;;0,0;35070,0;False;4;city;RS
Gravataí;4309209;1;0,35522;2020-03-27;;0,0;281519,0;False;3;city;RS
Ivoti;4310801;2;8,23282;2020-03-27;;0,0;24293,0;False;8;city;RS
Lajeado;4311403;5;5,95139;2020-03-27;;0,0;84014,0;False;7;city;RS
Marau;4311809;1;2,26444;2020-03-27;;0,0;44161,0;False;2;city;RS
Nova Palma;4313102;1;15,35627;2020-03-27;;0,0;6512,0;False;2;city;RS
Osório;4313508;1;2,1742;2020-03-27;;0,0;45994,0;False;5;city;RS
Paraí;4314001;1;13,05995;2020-03-27;;0,0;7657,0;False;4;city;RS
Passo Fundo;4314100;1;0,49194;2020-03-27;;0,0;203275,0;False;2;city;RS
Pelotas;4314407;2;0,5841;2020-03-27;;0,0;342405,0;False;3;city;RS
Piratini;4314605;1;4,83957;2020-03-27;;0,0;20663,0;False;2;city;RS
Porto Alegre;4314902;107;7,21136;2020-03-27;0,0187;2,0;1483771,0;False;14;city;RS
Rio Grande;4315602;2;0,94784;2020-03-27;;0,0;211005,0;False;5;city;RS
Rolante;4316006;1;4,68406;2020-03-27;;0,0;21349,0;False;2;city;RS
Santa Maria;4316907;2;0,70891;2020-03-27;;0,0;282123,0;False;6;city;RS
Sant'Ana do Livramento;4317103;4;5,19298;2020-03-27;;0,0;77027,0;False;8;city;RS
Santa Rosa;4317202;1;1,36511;2020-03-27;;0,0;73254,0;False;1;city;RS
Santiago;4317400;1;2,02327;2020-03-27;;0,0;49425,0;False;5;city;RS
Santo Antônio da Patrulha;4317608;1;2,33133;2020-03-27;;0,0;42894,0;False;6;city;RS
São Leopoldo;4318705;2;0,84447;2020-03-27;;0,0;236835,0;False;7;city;RS
Sapiranga;4319901;1;1,22348;2020-03-27;;0,0;81734,0;False;10;city;RS
Serafina Corrêa;4320404;3;17,1409;2020-03-27;;0,0;17502,0;False;7;city;RS
Taquara;4321204;1;1,74016;2020-03-27;;0,0;57466,0;False;9;city;RS
Torres;4321501;6;15,49107;2020-03-27;;0,0;38732,0;False;7;city;RS
Viamão;4323002;1;0,39181;2020-03-27;;0,0;255224,0;False;5;city;RS
;43;197;1,73153;2020-03-27;0,0102;2,0;11377239,0;False;15;state;RS
Antônio Carlos;4201208;1;11,74674;2020-03-27;;0,0;8513,0;False;1;city;SC
Balneário Arroio do Silva;4201950;1;7,65052;2020-03-27;;0,0;13071,0;False;3;city;SC
Balneário Camboriú;4202008;9;6,32489;2020-03-27;;0,0;142295,0;False;10;city;SC
Blumenau;4202404;12;3,35947;2020-03-27;;0,0;357199,0;False;6;city;SC
Braço do Norte;4202800;9;26,90583;2020-03-27;;0,0;33450,0;False;13;city;SC
Camboriú;4203204;4;4,81992;2020-03-27;;0,0;82989,0;False;3;city;SC
Canelinha;4203709;1;8,16993;2020-03-27;;0,0;12240,0;False;3;city;SC
Chapecó;4204202;4;1,81515;2020-03-27;;0,0;220367,0;False;8;city;SC
Criciúma;4204608;12;5,57657;2020-03-27;;0,0;215186,0;False;8;city;SC
Florianópolis;4205407;27;5,38951;2020-03-27;;0,0;500973,0;False;16;city;SC
Gaspar;4205902;1;1,43598;2020-03-27;;0,0;69639,0;False;5;city;SC
Gravatal;4206207;3;26,08469;2020-03-27;;0,0;11501,0;False;7;city;SC
Içara;4207007;1;1,77239;2020-03-27;;0,0;56421,0;False;5;city;SC
Imbituba;4207304;5;11,14753;2020-03-27;;0,0;44853,0;False;8;city;SC
Importados/Indefinidos;;8;;2020-03-27;;0,0;;False;3;city;SC
Itajaí;4208203;18;8,19911;2020-03-27;;0,0;219536,0;False;7;city;SC
Itapema;4208302;1;1,53111;2020-03-27;;0,0;65312,0;False;2;city;SC
Jaguaruna;4208807;2;9,98801;2020-03-27;;0,0;20024,0;False;7;city;SC
Jaraguá do Sul;4208906;2;1,12551;2020-03-27;;0,0;177697,0;False;8;city;SC
Joinville;4209102;8;1,35486;2020-03-27;;0,0;590466,0;False;15;city;SC
Lages;4209300;1;0,63474;2020-03-27;;0,0;157544,0;False;6;city;SC
Laguna;4209409;1;2,18274;2020-03-27;;0,0;45814,0;False;4;city;SC
Navegantes;4211306;3;3,68211;2020-03-27;;0,0;81475,0;False;8;city;SC
Pomerode;4213203;1;2,9898;2020-03-27;;0,0;33447,0;False;8;city;SC
Porto Belo;4213500;3;14,02656;2020-03-27;;0,0;21388,0;False;5;city;SC
Rancho Queimado;4214300;2;69,4927;2020-03-27;;0,0;2878,0;False;14;city;SC
São José;4216602;8;3,2443;2020-03-27;0,125;1,0;246586,0;False;9;city;SC
São Lourenço do Oeste;4216909;1;4,15351;2020-03-27;;0,0;24076,0;False;1;city;SC
São Ludgero;4217006;1;7,45712;2020-03-27;;0,0;13410,0;False;3;city;SC
São Pedro de Alcântara;4217253;1;17,17328;2020-03-27;;0,0;5823,0;False;3;city;SC
Siderópolis;4217600;2;14,27857;2020-03-27;;0,0;14007,0;False;2;city;SC
Tijucas;4218004;1;2,60369;2020-03-27;;0,0;38407,0;False;4;city;SC
Timbé do Sul;4218103;1;18,69858;2020-03-27;;0,0;5348,0;False;2;city;SC
Tubarão;4218707;8;7,56959;2020-03-27;;0,0;105686,0;False;10;city;SC
;42;163;2,27501;2020-03-27;0,0061;1,0;7164788,0;False;16;state;SC
Aracaju;2800308;13;1,97865;2020-03-27;;0,0;657013,0;True;8;city;SE
Nossa Senhora da Glória;2804508;1;2,70827;2020-03-27;;0,0;36924,0;True;4;city;SE
Propriá;2805703;2;6,75083;2020-03-27;;0,0;29626,0;True;5;city;SE
;28;16;0,69605;2020-03-27;;0,0;2298696,0;True;8;state;SE
Arujá;3503901;1;1,11329;2020-03-27;;0,0;89824,0;True;2;city;SP
Barueri;3505708;3;1,09416;2020-03-27;;0,0;274182,0;True;6;city;SP
Caieiras;3509007;2;1,97103;2020-03-27;;0,0;101470,0;True;3;city;SP
Campinas;3509502;5;0,41526;2020-03-27;;0,0;1204073,0;True;6;city;SP
Carapicuíba;3510609;2;0,49884;2020-03-27;;0,0;400927,0;True;8;city;SP
Cotia;3513009;6;2,40761;2020-03-27;;0,0;249210,0;True;6;city;SP
Diadema;3513801;1;0,23591;2020-03-27;;0,0;423884,0;True;1;city;SP
Embu das Artes;3515004;1;0,36533;2020-03-27;;0,0;273726,0;True;3;city;SP
Ferraz de Vasconcelos;3515707;2;1,02946;2020-03-27;;0,0;194276,0;True;10;city;SP
Guarulhos;3518800;13;0,94259;2020-03-27;0,1538;2,0;1379182,0;True;8;city;SP
Hortolândia;3519071;1;0,43318;2020-03-27;;0,0;230851,0;True;4;city;SP
Importados/Indefinidos;;44;;2020-03-27;0,0227;1,0;;True;5;city;SP
Iracemápolis;3521408;1;4,12626;2020-03-27;;0,0;24235,0;True;3;city;SP
Jaguariúna;3524709;1;1,73949;2020-03-27;;0,0;57488,0;True;6;city;SP
Jundiaí;3525904;3;0,71606;2020-03-27;;0,0;418962,0;True;3;city;SP
Louveira;3527306;1;2,04562;2020-03-27;;0,0;48885,0;True;2;city;SP
Mairiporã;3528502;2;1,99643;2020-03-27;;0,0;100179,0;True;2;city;SP
Mauá;3529401;2;0,42291;2020-03-27;;0,0;472912,0;True;8;city;SP
Mogi das Cruzes;3530607;8;1,79436;2020-03-27;;0,0;445842,0;True;4;city;SP
Osasco;3534401;4;0,57272;2020-03-27;;0,0;698418,0;True;6;city;SP
Poá;3539806;1;0,85141;2020-03-27;;0,0;117452,0;True;3;city;SP
Ribeirão Pires;3543303;1;0,81042;2020-03-27;;0,0;123393,0;True;3;city;SP
Ribeirão Preto;3543402;3;0,42656;2020-03-27;0,3333;1,0;703293,0;True;2;city;SP
Rio Claro;3543907;1;0,48444;2020-03-27;;0,0;206424,0;True;3;city;SP
Santana de Parnaíba;3547304;6;4,30271;2020-03-27;;0,0;139447,0;True;15;city;SP
Santo André;3547809;17;2,36514;2020-03-27;;0,0;718773,0;True;8;city;SP
São Bernardo do Campo;3548708;15;1,78798;2020-03-27;;0,0;838936,0;True;8;city;SP
São Caetano do Sul;3548807;16;9,93006;2020-03-27;;0,0;161127,0;True;8;city;SP
São José do Rio Preto;3549805;1;0,21707;2020-03-27;;0,0;460671,0;True;6;city;SP
São José dos Campos;3549904;4;0,55406;2020-03-27;;0,0;721944,0;True;5;city;SP
São Paulo;3550308;1044;8,52104;2020-03-27;0,0594;62,0;12252023,0;True;25;city;SP
São Sebastião;3550704;2;2,2477;2020-03-27;;0,0;88980,0;True;3;city;SP
Sorocaba;3552205;1;0,14719;2020-03-27;;0,0;679378,0;True;1;city;SP
Suzano;3552502;1;0,33598;2020-03-27;;0,0;297637,0;True;5;city;SP
Taboão da Serra;3552809;2;0,69046;2020-03-27;0,5;1,0;289664,0;True;4;city;SP
Tatuí;3554003;1;0,82125;2020-03-27;;0,0;121766,0;True;2;city;SP
Taubaté;3554102;1;0,31754;2020-03-27;;0,0;314924,0;True;5;city;SP
Valinhos;3556206;1;0,77404;2020-03-27;;0,0;129193,0;True;3;city;SP
Vargem Grande Paulista;3556453;2;3,8025;2020-03-27;0,5;1,0;52597,0;True;5;city;SP
;35;1223;2,66338;2020-03-27;0,0556;68,0;45919049,0;False;29;state;SP
Araguaína;1702109;1;0,55411;2020-03-27;;0,0;180470,0;False;1;city;TO
Palmas;1721000;8;2,67445;2020-03-27;;0,0;299127,0;False;9;city;TO
;17;9;0,5722;2020-03-27;;0,0;1572866,0;False;8;state;TO
Rio Branco;1200401;23;5,64668;2020-03-26;;0,0;407319,0;False;10;city;AC
;12;23;2,6079;2020-03-26;;0,0;881935,0;False;10;state;AC
Maceió;2704302;10;0,9814;2020-03-26;;0,0;1018948,0;False;16;city;AL
Porto Real do Colégio;2707503;1;4,98355;2020-03-26;;0,0;20066,0;False;2;city;AL
;27;11;0,3296;2020-03-26;;0,0;3337357,0;False;16;state;AL
Boca do Acre;1300706;1;2,91477;2020-03-26;;;34308,0;False;1;city;AM
Manaus;1302603;63;2,88625;2020-03-26;;;2182763,0;False;10;city;AM
Parintins;1303403;2;1,75019;2020-03-26;0,5;1,0;114273,0;False;4;city;AM
Santo Antônio do Içá;1303700;1;4,6292;2020-03-26;;;21602,0;False;1;city;AM
;13;67;1,61656;2020-03-26;0,0149;1,0;4144597,0;False;10;state;AM
Macapá;1600303;2;0,39736;2020-03-26;;0,0;503327,0;False;7;city;AP
;16;2;0,23648;2020-03-26;;0,0;845731,0;False;7;state;AP
Alagoinhas;2900702;1;0,65965;2020-03-26;;0,0;151596,0;False;1;city;BA
Barreiras;2903201;1;0,64334;2020-03-26;;0,0;155439,0;False;5;city;BA
Brumado;2904605;1;1,48821;2020-03-26;;0,0;67195,0;False;4;city;BA
Camaçari;2905701;1;0,3343;2020-03-26;;0,0;299132,0;False;7;city;BA
Canarana;2906204;1;3,82029;2020-03-26;;0,0;26176,0;False;2;city;BA
Conceição do Jacuípe;2908507;1;3,01632;2020-03-26;;0,0;33153,0;False;5;city;BA
Conde;2908606;1;3,87042;2020-03-26;;0,0;25837,0;False;3;city;BA
Feira de Santana;2910800;9;1,46372;2020-03-26;;0,0;614872,0;False;19;city;BA
Ilhéus;2913606;1;0,61604;2020-03-26;;0,0;162327,0;False;2;city;BA
Importados/Indefinidos;;7;;2020-03-26;;0,0;;False;3;city;BA
Itabuna;2914802;2;0,93799;2020-03-26;;0,0;213223,0;False;8;city;BA
Jequié;2918001;1;0,64117;2020-03-26;;0,0;155966,0;False;4;city;BA
Juazeiro;2918407;2;0,92291;2020-03-26;;0,0;216707,0;False;4;city;BA
Lauro de Freitas;2919207;5;2,51965;2020-03-26;;0,0;198440,0;False;8;city;BA
Porto Seguro;2925303;10;6,72558;2020-03-26;;0,0;148686,0;False;11;city;BA
Prado;2925501;2;7,09874;2020-03-26;;0,0;28174,0;False;10;city;BA
Salvador;2927408;60;2,08888;2020-03-26;;0,0;2872347,0;False;13;city;BA
São Domingos;2928950;1;11,03996;2020-03-26;;0,0;9058,0;False;2;city;BA
Teixeira de Freitas;2931350;1;0,6231;2020-03-26;;0,0;160487,0;False;3;city;BA
;29;108;0,72614;2020-03-26;;0,0;14873064,0;False;19;state;BA
Aquiraz;2301000;6;7,47468;2020-03-26;;0,0;80271,0;False;10;city;CE
Fortaleza;2304400;224;8,39158;2020-03-26;0,0134;3,0;2669342,0;False;10;city;CE
Fortim;2304459;1;6,06796;2020-03-26;;0,0;16480,0;False;7;city;CE
Importados/Indefinidos;;0;;2020-03-26;;0,0;;False;8;city;CE
Juazeiro do Norte;2307304;1;0,36469;2020-03-26;;0,0;274207,0;False;7;city;CE
Mauriti;2308104;1;2,08498;2020-03-26;;0,0;47962,0;False;3;city;CE
Sobral;2312908;4;1,91447;2020-03-26;;0,0;208935,0;False;8;city;CE
;23;237;2,59525;2020-03-26;0,0127;3,0;9132078,0;False;11;state;CE
Brasília;5300108;201;6,66607;2020-03-26;;0,0;3015268,0;False;19;city;DF
;53;201;6,66607;2020-03-26;;0,0;3015268,0;False;19;state;DF
Cachoeiro de Itapemirim;3201209;1;0,47853;2020-03-26;;0,0;208972,0;False;7;city;ES
Cariacica;3201308;1;0,26227;2020-03-26;;0,0;381285,0;False;7;city;ES
Castelo;3201407;1;2,66425;2020-03-26;;0,0;37534,0;False;1;city;ES
Importados/Indefinidos;;1;;2020-03-26;;0,0;;False;3;city;ES
Linhares;3203205;3;1,72856;2020-03-26;;0,0;173555,0;False;8;city;ES
Santa Teresa;3204609;1;4,23908;2020-03-26;;0,0;23590,0;False;4;city;ES
Serra;3205002;3;0,5797;2020-03-26;;0,0;517510,0;False;4;city;ES
Vila Velha;3205200;20;4,04991;2020-03-26;;0,0;493838,0;False;8;city;ES
Vitória;3205309;17;4,69487;2020-03-26;;0,0;362097,0;False;8;city;ES
;32;48;1,19443;2020-03-26;;0,0;4018650,0;False;22;state;ES
Anápolis;5201108;3;0,77535;2020-03-26;;0,0;386923,0;False;10;city;GO
Aparecida de Goiânia;5201405;2;0,34591;2020-03-26;;0,0;578179,0;False;8;city;GO
Catalão;5205109;1;0,91892;2020-03-26;;0,0;108823,0;False;5;city;GO
Goiânia;5208707;21;1,38512;2020-03-26;;0,0;1516113,0;False;14;city;GO
Importados/Indefinidos;;0;;2020-03-26;;0,0;;False;7;city;GO
Jataí;5211909;1;0,99126;2020-03-26;;0,0;100882,0;False;8;city;GO
Luziânia;5212501;1;0,48008;2020-03-26;1,0;1,0;208299,0;False;2;city;GO
Rio Verde;5218805;6;2,54618;2020-03-26;;0,0;235647,0;False;14;city;GO
Silvânia;5220603;1;4,83209;2020-03-26;;0,0;20695,0;False;2;city;GO
Valparaíso de Goiás;5221858;2;1,18717;2020-03-26;;0,0;168468,0;False;3;city;GO
;52;38;0,54144;2020-03-26;0,0263;1,0;7018354,0;False;15;state;GO
São Luís;2111300;10;0,90754;2020-03-26;;0,0;1101884,0;False;7;city;MA
;21;10;0,14134;2020-03-26;;0,0;7075181,0;False;7;state;MA
Belo Horizonte;3106200;96;3,82155;2020-03-26;;0,0;2512070,0;False;10;city;MG
Betim;3106705;3;0,68284;2020-03-26;;0,0;439340,0;False;4;city;MG
Boa Esperança;3107109;1;2,49209;2020-03-26;;0,0;40127,0;False;1;city;MG
Bom Despacho;3107406;1;1,97609;2020-03-26;;0,0;50605,0;False;4;city;MG
Campos Altos;3111507;1;6,46789;2020-03-26;;0,0;15461,0;False;4;city;MG
Contagem;3118601;2;0,30127;2020-03-26;;0,0;663855,0;False;4;city;MG
Coronel Fabriciano;3119401;1;0,91029;2020-03-26;;0,0;109855,0;False;9;city;MG
Divinópolis;3122306;2;0,83952;2020-03-26;;0,0;238230,0;False;17;city;MG
Governador Valadares;3127701;1;0,35729;2020-03-26;;0,0;279885,0;False;1;city;MG
Importados/Indefinidos;;5;;2020-03-26;;0,0;;False;5;city;MG
Ipatinga;3131307;1;0,37964;2020-03-26;;0,0;263410,0;False;13;city;MG
Juiz de Fora;3136702;8;1,40629;2020-03-26;;0,0;568873,0;False;11;city;MG
Lagoa da Prata;3137205;2;3,83399;2020-03-26;;0,0;52165,0;False;4;city;MG
Mariana;3140001;2;3,29359;2020-03-26;;0,0;60724,0;False;6;city;MG
Nova Lima;3144805;11;11,59249;2020-03-26;;0,0;94889,0;False;9;city;MG
Patrocínio;3148103;1;1,10184;2020-03-26;;0,0;90757,0;False;11;city;MG
Poços de Caldas;3151800;1;0,59738;2020-03-26;;0,0;167397,0;False;6;city;MG
São João del Rei;3162500;1;1,1101;2020-03-26;;0,0;90082,0;False;1;city;MG
Sete Lagoas;3167202;2;0,83459;2020-03-26;;0,0;239639,0;False;9;city;MG
Timóteo;3168705;1;1,11307;2020-03-26;;0,0;89842,0;False;4;city;MG
Uberaba;3170107;3;0,89879;2020-03-26;;0,0;333783,0;False;6;city;MG
Uberlândia;3170206;7;1,01258;2020-03-26;;0,0;691305,0;False;9;city;MG
;31;153;0,72276;2020-03-26;;0,0;21168791,0;False;18;state;MG
Campo Grande;5002704;23;2,56702;2020-03-26;;0,0;895982,0;False;13;city;MS
Ponta Porã;5006606;1;1,08078;2020-03-26;;0,0;92526,0;False;6;city;MS
Sidrolândia;5007901;1;1,73415;2020-03-26;;0,0;57665,0;False;8;city;MS
;50;25;0,89961;2020-03-26;;0,0;2778986,0;False;13;state;MS
Cuiabá;5103403;8;1,30602;2020-03-26;;0,0;612547,0;False;5;city;MT
Nova Monte Verde;5108956;1;10,89562;2020-03-26;;0,0;9178,0;False;3;city;MT
Várzea Grande;5108402;2;0,70183;2020-03-26;;0,0;284971,0;False;4;city;MT
;51;11;0,31569;2020-03-26;;0,0;3484466,0;False;6;state;MT
Ananindeua;1500800;4;0,75387;2020-03-26;;0,0;530598,0;False;2;city;PA
Belém;1501402;6;0,40194;2020-03-26;;0,0;1492745,0;False;9;city;PA
Castanhal;1502400;1;0,49803;2020-03-26;;0,0;200793,0;False;1;city;PA
Itaituba;1503606;1;0,98768;2020-03-26;;0,0;101247,0;False;1;city;PA
Marabá;1504208;1;0,35798;2020-03-26;;0,0;279349,0;False;4;city;PA
;15;13;0,15111;2020-03-26;;0,0;8602865,0;False;9;state;PA
Igaracy;2502607;1;16,34788;2020-03-26;;0,0;6117,0;False;4;city;PB
João Pessoa;2507507;5;0,61804;2020-03-26;;0,0;809015,0;False;15;city;PB
;25;6;0,14932;2020-03-26;;0,0;4018127,0;False;15;state;PB
Belo Jardim;2601706;1;1,30823;2020-03-26;;0,0;76439,0;False;8;city;PE
Caruaru;2604106;1;0,27692;2020-03-26;;0,0;361118,0;False;4;city;PE
Importados/Indefinidos;;5;;2020-03-26;0,2;1,0;;False;10;city;PE
Jaboatão dos Guararapes;2607901;3;0,42717;2020-03-26;;0,0;702298,0;False;8;city;PE
Olinda;2609600;3;0,76437;2020-03-26;;0,0;392482,0;False;5;city;PE
Petrolina;2611101;2;0,57283;2020-03-26;;0,0;349145,0;False;4;city;PE
Recife;2611606;33;2,00519;2020-03-26;0,0606;2,0;1645727,0;False;12;city;PE
;26;48;0,50225;2020-03-26;0,0625;3,0;9557071,0;False;15;state;PE
Teresina;2211001;9;1,04065;2020-03-26;;;864845,0;False;7;city;PI
;22;9;0,27496;2020-03-26;;0,0;3273227,0;False;7;state;PI
Campo Largo;4104204;1;0,75756;2020-03-26;;0,0;132002,0;False;10;city;PR
Campo Mourão;4104303;1;1,0542;2020-03-26;;0,0;94859,0;False;2;city;PR
Cascavel;4104808;2;0,60891;2020-03-26;;0,0;328454,0;False;4;city;PR
Cianorte;4105508;6;7,26216;2020-03-26;;0,0;82620,0;False;13;city;PR
Colombo;4105805;2;0,82059;2020-03-26;;0,0;243726,0;False;5;city;PR
Curitiba;4106902;66;3,4142;2020-03-26;;0,0;1933105,0;False;13;city;PR
Faxinal;4107603;1;5,79677;2020-03-26;;0,0;17251,0;False;2;city;PR
Foz do Iguaçu;4108304;5;1,934;2020-03-26;;0,0;258532,0;False;9;city;PR
Guaíra;4108809;1;3,01941;2020-03-26;;0,0;33119,0;False;7;city;PR
Importados/Indefinidos;;4;;2020-03-26;;0,0;;False;5;city;PR
Londrina;4113700;3;0,52656;2020-03-26;;0,0;569733,0;False;10;city;PR
Maringá;4115200;3;0,7081;2020-03-26;;0,0;423666,0;False;9;city;PR
Paranavaí;4118402;1;1,13155;2020-03-26;;0,0;88374,0;False;3;city;PR
Pato Branco;4118501;2;2,4131;2020-03-26;;0,0;82881,0;False;6;city;PR
Pinhais;4119152;3;2,27003;2020-03-26;;0,0;132157,0;False;6;city;PR
Ponta Grossa;4119905;3;0,85291;2020-03-26;;0,0;351736,0;False;6;city;PR
Telêmaco Borba;4127106;1;1,26624;2020-03-26;;0,0;78974,0;False;3;city;PR
Umuarama;4128104;1;0,8964;2020-03-26;;0,0;111557,0;False;6;city;PR
;41;106;0,92706;2020-03-26;;0,0;11433957,0;False;13;state;PR
Barra Mansa;3300407;1;0,54226;2020-03-26;;0,0;184412,0;False;14;city;RJ
Belford Roxo;3300456;1;0,19573;2020-03-26;;0,0;510906,0;False;1;city;RJ
Campos dos Goytacazes;3301009;1;0,19703;2020-03-26;;0,0;507548,0;False;3;city;RJ
Duque de Caxias;3301702;2;0,21749;2020-03-26;;0,0;919596,0;False;3;city;RJ
Guapimirim;3301850;1;1,65243;2020-03-26;;0,0;60517,0;False;8;city;RJ
Importados/Indefinidos;;0;;2020-03-26;;0,0;;False;6;city;RJ
Miguel Pereira;3302908;1;3,91573;2020-03-26;1,0;1,0;25538,0;False;7;city;RJ
Niterói;3303302;31;6,03601;2020-03-26;0,0323;1,0;513584,0;False;11;city;RJ
Petrópolis;3303906;3;0,97978;2020-03-26;0,3333;1,0;306191,0;False;6;city;RJ
Resende;3304201;1;0,76138;2020-03-26;;0,0;131341,0;False;2;city;RJ
Rio de Janeiro;3304557;368;5,47708;2020-03-26;0,0163;6,0;6718903,0;False;13;city;RJ
São Gonçalo;3304904;3;0,27654;2020-03-26;;0,0;1084839,0;False;4;city;RJ
Valença;3306107;1;1,3068;2020-03-26;;0,0;76523,0;False;2;city;RJ
Volta Redonda;3306305;7;2,56399;2020-03-26;;0,0;273012,0;False;3;city;RJ
;33;421;2,43847;2020-03-26;0,0214;9,0;17264943,0;False;14;state;RJ
Mossoró;2408003;2;0,67254;2020-03-26;;0,0;297378,0;False;5;city;RN
Natal;2408102;13;1,47039;2020-03-26;;0,0;884122,0;False;10;city;RN
Parnamirim;2403251;4;1,52982;2020-03-26;;0,0;261469,0;False;6;city;RN
