titulo;link;id
 Devils� front-office decision shouldn�t wait on coronavirus - 07:20 PM EDT;https://nypost.com/2020/03/28/devils-front-office-decision-shouldnt-wait-on-coronavirus/;nypost-com-2020-03-28-devils-front-office-decision-shouldnt-wait-on-c
 Saudi Arabia intercepts missile over Riyadh - 07:12 PM EDT;https://www.dw.com/en/saudi-arabia-intercepts-missile-over-riyadh/a-52948986?maca=en-rss-en-all-1573-rdf;dw-com-en-saudi-arabia-intercepts-missile-over-riyadh-a-52948986-maca
 Lee Zeldin: Democrats Delay of Coronavirus Relief Bill Hurt Small Businesses - 07:11 PM EDT;https://www.breitbart.com/politics/2020/03/28/lee-zeldin-democrats-delay-of-coronavirus-relief-bill-hurt-small-businesses/;breitbart-com-politics-2020-03-28-lee-zeldin-democrats-delay-of-coron
 State Department Accelerates Foreign Workers into U.S. Jobs Despite Mass Coronavirus Unemployment - 07:11 PM EDT;https://www.breitbart.com/politics/2020/03/28/state-department-accelerates-foreign-workers-into-u-s-jobs-despite-mass-coronavirus-unemployment/;breitbart-com-politics-2020-03-28-state-department-accelerates-foreig
